Cj_e_03.csv439,2
Pg_e_03.csv660,8
Ws_e_02.csv746,11
Cr_a_08.csv765,4
Sc_e_05.csv233,10
Pp_e_10.csv764,9
Pg_a_09.csv254,8
Cr_a_02.csv477,4
Cc_e_02.csv517,1
Mm_e_06.csv28,6
Mm_a_02.csv964,6
Sc_e_04.csv190,10
Cc_a_02.csv730,1
Cc_a_08.csv443,1
Bt_a_08.csv897,0
Pp_e_08.csv775,9
Ws_a_03.csv788,11
Sc_e_07.csv375,10
Cs_e_04.csv133,5
Bt_e_05.csv625,0
Ws_e_10.csv18,11
Sc_e_03.csv611,10
Pp_a_01.csv852,9
Pp_e_03.csv440,9
Sc_e_04.csv998,10
Cs_a_09.csv319,5
Bt_a_09.csv805,0
Sc_a_05.csv136,10
Pp_e_03.csv996,9
Cs_a_09.csv794,5
Pp_a_06.csv174,9
Mm_e_04.csv248,6
Sc_a_10.csv540,10
Cc_a_07.csv49,1
Mm_e_08.csv629,6
Cr_e_02.csv689,4
Mn_e_02.csv104,7
Mn_e_08.csv434,7
Cq_e_06.csv324,3
Cq_e_02.csv211,3
Mm_a_07.csv198,6
Bt_e_02.csv559,0
Mn_a_05.csv22,7
Pp_e_02.csv298,9
Cq_e_07.csv238,3
Bt_e_02.csv110,0
Cs_e_04.csv611,5
Cs_a_04.csv618,5
Bt_a_05.csv795,0
Cs_e_01.csv468,5
Cc_e_04.csv506,1
Pp_a_06.csv637,9
Cq_e_10.csv1000,3
Ws_e_01.csv771,11
Cj_a_01.csv760,2
Pg_e_02.csv571,8
Bt_a_06.csv223,0
Mn_e_09.csv489,7
Bt_a_07.csv535,0
Bt_e_04.csv38,0
Cj_a_08.csv151,2
Ws_e_07.csv439,11
Mm_e_04.csv958,6
Sc_a_01.csv520,10
Bt_a_08.csv100,0
Bt_a_05.csv94,0
Cj_a_06.csv350,2
Mm_a_04.csv222,6
Cc_e_03.csv948,1
Cs_a_01.csv92,5
Cj_e_06.csv83,2
Cc_a_04.csv471,1
Cc_e_06.csv239,1
Cq_a_02.csv893,3
Ws_e_09.csv435,11
Mm_a_06.csv865,6
Mm_e_10.csv379,6
Mn_e_01.csv247,7
Mm_e_07.csv572,6
Pg_a_09.csv244,8
Cj_a_08.csv38,2
Cq_a_01.csv155,3
Cq_e_07.csv896,3
Sc_a_02.csv690,10
Cs_a_04.csv577,5
Bt_e_10.csv114,0
Pg_a_06.csv269,8
Cq_e_10.csv625,3
Bt_a_02.csv779,0
Mm_a_01.csv718,6
Pp_a_10.csv714,9
Sc_e_10.csv969,10
Cq_e_02.csv73,3
Cq_e_09.csv585,3
Mm_a_03.csv693,6
Cs_a_01.csv128,5
Cr_a_01.csv497,4
Mn_e_05.csv844,7
Bt_e_05.csv238,0
Mn_e_03.csv687,7
Cj_a_10.csv805,2
Cs_a_06.csv968,5
Cj_a_02.csv195,2
Sc_e_08.csv932,10
Mm_e_08.csv170,6
Cq_a_09.csv409,3
Pg_a_06.csv583,8
Cs_a_01.csv987,5
Cs_e_09.csv741,5
Ws_a_08.csv711,11
Bt_e_03.csv429,0
Cc_e_06.csv124,1
Bt_e_06.csv981,0
Bt_a_10.csv346,0
Cr_e_03.csv507,4
Pp_a_03.csv892,9
Pp_e_10.csv721,9
Mn_e_06.csv693,7
Pp_a_09.csv968,9
Cq_e_02.csv229,3
Cc_e_05.csv632,1
Cc_a_04.csv413,1
Mn_a_07.csv209,7
Sc_e_10.csv579,10
Cs_a_07.csv378,5
Cr_a_09.csv122,4
Cq_a_04.csv609,3
Cq_e_03.csv574,3
Bt_e_09.csv743,0
Cr_a_05.csv611,4
Cs_a_04.csv827,5
Mm_a_01.csv477,6
Sc_a_09.csv210,10
Ws_a_04.csv181,11
Cs_a_08.csv773,5
Mm_e_05.csv83,6
Cj_a_10.csv648,2
Cq_a_07.csv60,3
Mn_e_05.csv190,7
Cs_a_05.csv136,5
Mm_a_10.csv768,6
Mn_e_05.csv58,7
Sc_e_01.csv616,10
Cq_e_08.csv919,3
Cs_e_04.csv325,5
Pg_a_09.csv489,8
Mn_e_08.csv104,7
Ws_e_09.csv694,11
Cr_e_02.csv485,4
Cs_a_04.csv112,5
Cq_e_07.csv358,3
Pg_a_02.csv596,8
Mm_a_05.csv954,6
Cc_e_02.csv257,1
Mm_e_09.csv356,6
Cq_e_05.csv410,3
Mn_e_06.csv472,7
Cj_e_02.csv962,2
Pp_e_06.csv504,9
Cs_a_09.csv121,5
Cs_a_04.csv76,5
Sc_a_01.csv482,10
Pg_e_02.csv967,8
Pg_e_02.csv794,8
Bt_a_07.csv431,0
Bt_e_06.csv547,0
Sc_e_02.csv767,10
Cs_e_04.csv510,5
Cq_e_01.csv316,3
Cr_a_09.csv467,4
Pg_a_05.csv787,8
Pg_e_02.csv182,8
Pg_e_05.csv645,8
Pp_a_06.csv328,9
Sc_e_10.csv223,10
Cj_a_08.csv446,2
Mm_e_08.csv259,6
Sc_a_01.csv525,10
Ws_a_09.csv985,11
Ws_e_07.csv958,11
Mm_a_01.csv729,6
Mn_e_08.csv741,7
Pg_e_07.csv882,8
Pp_e_04.csv45,9
Mn_e_07.csv323,7
Cc_a_04.csv646,1
Sc_a_02.csv347,10
Cr_a_05.csv310,4
Pp_e_09.csv828,9
Cr_a_05.csv258,4
Pp_e_08.csv874,9
Cs_e_02.csv539,5
Ws_a_04.csv725,11
Mn_a_09.csv375,7
Cr_a_09.csv869,4
Sc_e_04.csv244,10
Cq_e_06.csv645,3
Bt_e_02.csv169,0
Pp_e_01.csv921,9
Cr_e_10.csv26,4
Cq_e_04.csv73,3
Cq_a_06.csv22,3
Mm_e_02.csv192,6
Ws_e_09.csv797,11
Ws_a_03.csv595,11
Cj_e_08.csv261,2
Ws_e_05.csv549,11
Cr_a_10.csv762,4
Ws_a_01.csv320,11
Cc_a_04.csv545,1
Cj_e_05.csv408,2
Cj_a_04.csv527,2
Cr_a_02.csv594,4
Mm_a_02.csv607,6
Cs_a_03.csv63,5
Cq_a_06.csv584,3
Mm_a_10.csv49,6
Cr_e_08.csv76,4
Cr_a_08.csv36,4
Bt_e_05.csv744,0
Mm_a_10.csv65,6
Mm_a_09.csv154,6
Pg_e_01.csv416,8
Cs_a_05.csv798,5
Cr_a_10.csv859,4
Ws_a_05.csv306,11
Cq_e_09.csv20,3
Mn_a_03.csv868,7
Bt_e_10.csv824,0
Cs_a_06.csv491,5
Mn_a_08.csv417,7
Ws_e_07.csv863,11
Mn_e_10.csv997,7
Bt_a_08.csv810,0
Pg_e_06.csv122,8
Cq_a_03.csv739,3
Sc_a_04.csv395,10
Cr_e_10.csv251,4
Cj_a_05.csv143,2
Pg_e_05.csv905,8
Sc_a_03.csv281,10
Cr_e_03.csv607,4
Cs_a_04.csv856,5
Pg_a_04.csv288,8
Bt_e_10.csv317,0
Cs_a_08.csv586,5
Pp_a_10.csv107,9
Cc_e_04.csv501,1
Pg_e_08.csv766,8
Cj_a_05.csv619,2
Cs_e_01.csv839,5
Cs_e_05.csv523,5
Mm_e_04.csv814,6
Cj_a_05.csv329,2
Cs_e_07.csv855,5
Cs_e_06.csv288,5
Pp_e_03.csv299,9
Mn_a_07.csv454,7
Cs_a_07.csv768,5
Ws_a_09.csv534,11
Pg_a_04.csv101,8
Sc_a_05.csv861,10
Cr_e_08.csv521,4
Cc_e_07.csv920,1
Cj_e_05.csv268,2
Bt_e_06.csv633,0
Cj_e_01.csv927,2
Cj_e_01.csv657,2
Cr_a_08.csv609,4
Sc_a_10.csv895,10
Bt_e_05.csv904,0
Bt_e_05.csv447,0
Sc_a_09.csv524,10
Pg_e_01.csv870,8
Mm_a_01.csv1000,6
Pp_e_04.csv261,9
Ws_e_05.csv3,11
Pp_e_10.csv19,9
Cr_e_09.csv260,4
Pg_e_01.csv458,8
Cs_e_01.csv60,5
Pg_e_05.csv207,8
Pg_a_05.csv19,8
Cj_e_02.csv475,2
Cs_a_05.csv520,5
Cj_e_05.csv438,2
Mm_e_10.csv515,6
Cq_e_05.csv877,3
Pp_a_06.csv845,9
Pp_e_06.csv848,9
Cq_a_05.csv848,3
Pg_a_06.csv862,8
Pg_a_01.csv267,8
Cq_e_01.csv632,3
Ws_a_03.csv339,11
Sc_a_06.csv513,10
Cc_e_07.csv895,1
Cj_a_07.csv577,2
Pg_a_08.csv655,8
Cr_e_09.csv280,4
Mn_a_10.csv674,7
Pp_e_04.csv702,9
Pg_e_03.csv998,8
Pp_a_03.csv267,9
Bt_e_06.csv369,0
Bt_e_03.csv714,0
Cq_a_07.csv220,3
Pg_e_02.csv321,8
Ws_a_08.csv867,11
Pp_e_07.csv867,9
Mm_a_06.csv610,6
Mm_e_05.csv338,6
Mn_e_03.csv625,7
Ws_e_08.csv807,11
Bt_a_02.csv965,0
Cq_e_03.csv629,3
Sc_a_10.csv213,10
Cj_e_07.csv972,2
Cc_e_06.csv44,1
Cr_e_03.csv161,4
Ws_a_04.csv323,11
Ws_e_10.csv299,11
Mn_a_02.csv966,7
Cs_a_07.csv340,5
Sc_e_05.csv44,10
Cj_a_06.csv455,2
Cc_a_05.csv813,1
Mm_a_09.csv247,6
Cj_e_06.csv825,2
Cc_a_02.csv225,1
Ws_e_03.csv522,11
Cq_a_05.csv186,3
Bt_a_01.csv291,0
Sc_e_06.csv969,10
Cq_a_04.csv775,3
Cq_a_06.csv575,3
Mn_e_02.csv138,7
Cr_e_05.csv206,4
Mn_a_07.csv220,7
Ws_e_10.csv23,11
Bt_e_08.csv261,0
Bt_a_02.csv108,0
Cq_a_04.csv487,3
Sc_a_09.csv967,10
Bt_a_01.csv407,0
Cr_e_02.csv373,4
Cq_a_10.csv481,3
Bt_a_09.csv835,0
Cr_e_01.csv112,4
Pg_a_05.csv717,8
Sc_a_07.csv471,10
Bt_e_10.csv452,0
Bt_e_01.csv486,0
Ws_a_07.csv154,11
Bt_a_07.csv815,0
Mm_e_03.csv714,6
Cj_e_09.csv651,2
Mm_e_06.csv607,6
Cq_e_02.csv180,3
Cq_e_06.csv89,3
Cs_a_03.csv307,5
Cc_a_01.csv620,1
Cc_e_07.csv39,1
Cr_e_05.csv979,4
Mn_a_10.csv301,7
Cj_a_04.csv107,2
Ws_e_04.csv150,11
Pg_a_09.csv167,8
Cc_e_01.csv622,1
Pg_e_03.csv755,8
Mn_a_03.csv1,7
Ws_a_10.csv677,11
Cc_e_09.csv282,1
Mm_e_07.csv582,6
Cc_e_05.csv335,1
Bt_a_05.csv341,0
Cs_a_03.csv319,5
Bt_e_10.csv601,0
Cj_a_02.csv295,2
Cr_a_02.csv774,4
Mn_a_01.csv20,7
Ws_a_03.csv310,11
Cj_a_07.csv303,2
Sc_a_09.csv330,10
Mn_a_03.csv226,7
Mm_a_03.csv766,6
Mm_e_10.csv614,6
Ws_a_05.csv255,11
Ws_e_09.csv743,11
Cr_e_05.csv570,4
Bt_e_01.csv573,0
Ws_a_10.csv405,11
Cc_a_06.csv190,1
Sc_a_10.csv528,10
Sc_a_10.csv591,10
Mn_a_01.csv525,7
Cj_e_08.csv366,2
Pg_a_08.csv567,8
Sc_e_07.csv513,10
Sc_a_02.csv582,10
Cj_a_08.csv547,2
Cq_e_07.csv591,3
Bt_e_04.csv612,0
Mn_a_05.csv497,7
Cc_a_06.csv517,1
Mn_e_06.csv705,7
Ws_e_08.csv854,11
Cc_a_06.csv697,1
Mn_a_06.csv902,7
Mn_a_05.csv287,7
Cr_e_09.csv536,4
Cj_a_08.csv582,2
Bt_e_05.csv205,0
Bt_a_09.csv133,0
Cc_a_06.csv656,1
Cr_a_02.csv480,4
Mn_e_02.csv386,7
Mm_a_06.csv145,6
Mn_e_07.csv678,7
Mm_e_02.csv378,6
Ws_e_02.csv882,11
Ws_e_05.csv413,11
Sc_a_08.csv655,10
Cs_a_07.csv622,5
Cj_a_07.csv367,2
Ws_e_06.csv558,11
Cr_e_05.csv491,4
Mm_e_05.csv312,6
Cr_e_07.csv859,4
Pp_a_09.csv951,9
Cj_e_08.csv282,2
Ws_a_06.csv239,11
Cj_e_02.csv344,2
Cj_a_02.csv375,2
Cs_e_03.csv788,5
Mm_a_02.csv239,6
Pg_e_07.csv493,8
Sc_e_08.csv176,10
Cc_e_07.csv901,1
Cs_e_02.csv439,5
Mm_a_05.csv478,6
Mn_a_08.csv552,7
Pg_e_05.csv749,8
Cr_e_08.csv812,4
Cc_a_09.csv207,1
Cs_a_05.csv966,5
Pg_e_05.csv569,8
Mm_e_09.csv201,6
Pp_e_03.csv19,9
Cr_e_07.csv86,4
Mn_a_07.csv41,7
Pp_e_02.csv823,9
Mn_e_02.csv377,7
Mn_a_01.csv573,7
Sc_a_07.csv723,10
Cq_e_08.csv83,3
Bt_a_05.csv872,0
Mm_e_05.csv354,6
Mm_a_06.csv806,6
Sc_e_03.csv708,10
Pg_a_01.csv408,8
Mm_e_07.csv327,6
Sc_a_03.csv327,10
Cs_a_08.csv796,5
Cs_e_05.csv549,5
Cs_e_03.csv957,5
Cr_a_02.csv975,4
Cr_e_03.csv707,4
Cj_a_03.csv652,2
Bt_e_08.csv80,0
Mn_a_07.csv619,7
Bt_e_08.csv276,0
Sc_e_05.csv2,10
Pg_a_07.csv591,8
Pg_e_01.csv80,8
Cs_e_04.csv12,5
Mn_e_03.csv135,7
Mm_a_02.csv905,6
Cc_e_01.csv661,1
Cr_a_09.csv605,4
Bt_e_04.csv589,0
Pg_a_04.csv459,8
Mn_a_04.csv682,7
Cs_a_01.csv961,5
Cs_a_05.csv254,5
Mn_a_07.csv516,7
Ws_a_08.csv233,11
Ws_a_04.csv444,11
Cj_e_09.csv806,2
Mm_a_01.csv73,6
Cq_e_01.csv674,3
Cc_e_03.csv661,1
Mn_a_08.csv359,7
Cc_e_05.csv299,1
Bt_e_09.csv973,0
Mn_a_02.csv623,7
Pp_e_01.csv542,9
Sc_a_07.csv846,10
Cr_e_02.csv621,4
Cc_e_04.csv637,1
Pp_a_01.csv614,9
Cq_a_05.csv417,3
Cq_e_03.csv277,3
Mm_a_04.csv844,6
Cc_e_08.csv0,1
Cr_a_03.csv586,4
Mn_a_01.csv616,7
Cs_a_07.csv116,5
Pg_a_04.csv800,8
Cs_a_04.csv898,5
Mn_e_07.csv446,7
Mn_e_08.csv516,7
Cc_e_02.csv492,1
Ws_e_09.csv339,11
Mm_a_10.csv159,6
Cq_e_05.csv919,3
Cc_a_05.csv296,1
Mm_a_04.csv780,6
Cs_e_06.csv490,5
Sc_a_07.csv300,10
Cs_a_09.csv207,5
Cr_a_07.csv938,4
Pg_e_07.csv476,8
Sc_a_10.csv332,10
Cs_a_03.csv525,5
Bt_a_03.csv786,0
Mm_a_09.csv619,6
Pp_e_09.csv436,9
Mn_e_01.csv905,7
Cr_e_09.csv179,4
Ws_e_07.csv955,11
Sc_e_03.csv601,10
Cq_a_06.csv896,3
Cr_e_08.csv585,4
Mn_e_01.csv822,7
Cq_a_07.csv17,3
Cq_a_09.csv655,3
Mn_a_01.csv390,7
Cr_a_09.csv836,4
Cj_a_10.csv514,2
Cr_a_08.csv490,4
Cr_e_08.csv404,4
Mn_e_10.csv150,7
Pg_a_05.csv8,8
Mm_e_09.csv126,6
Cj_e_01.csv563,2
Ws_e_09.csv693,11
Mn_a_04.csv222,7
Sc_a_02.csv365,10
Mn_e_02.csv270,7
Ws_a_05.csv77,11
Ws_a_09.csv253,11
Ws_e_01.csv880,11
Pp_e_09.csv259,9
Mm_a_04.csv833,6
Pg_e_05.csv439,8
Ws_a_03.csv569,11
Sc_a_03.csv160,10
Cq_e_02.csv861,3
Mn_e_05.csv816,7
Ws_a_06.csv570,11
Bt_a_09.csv323,0
Cc_e_09.csv533,1
Pp_a_04.csv17,9
Pp_e_07.csv366,9
Mn_e_06.csv469,7
Bt_e_04.csv247,0
Cc_a_07.csv237,1
Bt_a_01.csv105,0
Sc_a_06.csv525,10
Cc_a_06.csv399,1
Pp_a_10.csv914,9
Mn_e_06.csv737,7
Sc_e_10.csv433,10
Bt_a_01.csv151,0
Mm_a_07.csv480,6
Pp_e_01.csv663,9
Mn_a_09.csv18,7
Pg_e_02.csv262,8
Cs_e_05.csv57,5
Cs_e_07.csv361,5
Cs_a_01.csv942,5
Cr_e_09.csv633,4
Pp_e_03.csv651,9
Mm_a_03.csv998,6
Mn_a_04.csv996,7
Pp_e_04.csv465,9
Ws_a_07.csv202,11
Cr_a_08.csv77,4
Cr_a_03.csv242,4
Bt_a_01.csv79,0
Cs_a_07.csv398,5
Cj_e_10.csv641,2
Mm_e_07.csv1000,6
Cs_e_04.csv443,5
Bt_a_06.csv779,0
Bt_a_06.csv708,0
Cj_a_05.csv7,2
Sc_a_01.csv238,10
Sc_a_01.csv385,10
Ws_a_01.csv178,11
Cq_a_10.csv422,3
Bt_e_08.csv282,0
Cj_e_08.csv106,2
Pg_a_09.csv844,8
Cs_a_09.csv705,5
Sc_a_03.csv625,10
Mm_a_08.csv138,6
Cj_e_05.csv204,2
Pp_e_02.csv805,9
Sc_a_07.csv760,10
Cs_e_05.csv876,5
Pp_e_10.csv958,9
Cj_e_06.csv145,2
Sc_e_10.csv545,10
Cs_e_06.csv744,5
Mn_e_02.csv659,7
Ws_a_02.csv692,11
Mn_a_05.csv256,7
Ws_a_04.csv928,11
Mm_a_06.csv109,6
Cc_a_02.csv426,1
Cr_e_06.csv607,4
Sc_a_02.csv685,10
Sc_a_10.csv931,10
Cq_a_01.csv682,3
Pg_a_06.csv327,8
Cj_a_03.csv970,2
Pp_a_04.csv477,9
Mm_e_04.csv14,6
Pp_a_06.csv658,9
Pp_a_03.csv647,9
Cj_e_08.csv773,2
Cs_e_01.csv851,5
Cr_e_04.csv749,4
Mn_e_08.csv888,7
Mm_a_08.csv527,6
Ws_e_09.csv887,11
Cj_a_02.csv621,2
Pg_e_05.csv681,8
Cc_a_04.csv534,1
Cs_a_07.csv759,5
Sc_e_05.csv984,10
Pg_a_08.csv694,8
Cs_a_09.csv852,5
Pp_a_09.csv947,9
Mn_e_05.csv793,7
Cc_a_01.csv164,1
Mn_a_07.csv481,7
Bt_a_02.csv94,0
Cj_a_05.csv135,2
Pg_e_05.csv719,8
Pg_e_03.csv862,8
Pp_e_07.csv20,9
Bt_e_01.csv400,0
Mm_e_04.csv95,6
Cr_a_08.csv816,4
Cc_a_05.csv812,1
Sc_e_08.csv859,10
Sc_a_02.csv755,10
Cs_a_03.csv430,5
Ws_e_03.csv696,11
Mm_e_07.csv219,6
Cs_a_03.csv411,5
Ws_a_02.csv114,11
Mm_a_09.csv46,6
Cc_a_02.csv686,1
Bt_e_04.csv370,0
Ws_e_02.csv364,11
Cr_a_07.csv124,4
Cq_a_10.csv458,3
Mm_e_01.csv667,6
Bt_a_06.csv325,0
Cq_e_10.csv710,3
Ws_e_01.csv314,11
Cs_a_06.csv256,5
Cq_a_01.csv228,3
Mn_e_07.csv247,7
Mn_e_01.csv708,7
Mm_a_06.csv964,6
Cr_a_04.csv134,4
Pg_e_08.csv326,8
Mm_a_06.csv695,6
Cc_a_04.csv629,1
Cr_a_07.csv27,4
Cj_e_10.csv386,2
Cr_e_05.csv504,4
Bt_a_09.csv786,0
Cj_a_09.csv94,2
Pp_e_08.csv632,9
Cc_a_08.csv270,1
Bt_e_08.csv475,0
Cs_e_05.csv322,5
Bt_a_05.csv513,0
Cq_a_10.csv860,3
Pg_a_05.csv777,8
Bt_a_05.csv455,0
Mn_a_02.csv859,7
Cs_e_08.csv486,5
Cs_e_06.csv812,5
Mn_e_08.csv452,7
Cq_a_04.csv993,3
Ws_e_02.csv255,11
Bt_a_01.csv774,0
Mn_a_05.csv954,7
Pg_a_03.csv205,8
Mn_a_05.csv471,7
Cs_e_02.csv451,5
Ws_a_10.csv918,11
Cc_a_09.csv199,1
Pg_e_08.csv122,8
Pp_e_01.csv152,9
Pp_a_01.csv754,9
Cc_e_06.csv537,1
Pg_a_01.csv866,8
Cq_e_01.csv353,3
Cs_a_08.csv504,5
Pg_a_04.csv157,8
Ws_a_02.csv530,11
Cc_e_04.csv789,1
Pg_e_08.csv793,8
Mm_e_04.csv58,6
Cr_a_02.csv376,4
Pg_a_05.csv988,8
Pp_e_01.csv358,9
Cq_a_07.csv410,3
Cc_a_02.csv328,1
Cs_a_08.csv15,5
Ws_e_07.csv552,11
Cq_a_04.csv578,3
Cj_a_05.csv505,2
Sc_e_05.csv113,10
Mm_a_05.csv127,6
Sc_e_07.csv182,10
Cc_e_10.csv983,1
Cc_a_04.csv152,1
Sc_a_09.csv415,10
Mn_e_05.csv973,7
Pg_e_09.csv179,8
Ws_e_08.csv125,11
Pg_a_01.csv81,8
Cs_e_02.csv445,5
Cj_a_01.csv327,2
Bt_e_04.csv672,0
Cc_e_01.csv176,1
Bt_e_07.csv216,0
Cr_a_08.csv580,4
Cj_e_06.csv991,2
Cj_a_07.csv614,2
Cc_a_01.csv358,1
Pg_a_10.csv680,8
Mn_a_05.csv53,7
Pp_e_03.csv302,9
Ws_e_06.csv943,11
Bt_e_01.csv205,0
Pg_a_02.csv697,8
Pg_e_02.csv971,8
Sc_e_08.csv698,10
Cs_e_09.csv200,5
Ws_e_02.csv0,11
Cc_a_07.csv932,1
Pg_a_01.csv509,8
Cr_e_08.csv481,4
Mm_a_08.csv188,6
Ws_a_06.csv876,11
Ws_a_07.csv283,11
Sc_a_10.csv117,10
Cj_e_08.csv934,2
Pg_e_04.csv248,8
Cj_e_09.csv147,2
Ws_e_04.csv946,11
Cq_e_06.csv342,3
Cq_a_09.csv802,3
Sc_a_05.csv956,10
Cs_e_02.csv552,5
Mm_e_07.csv839,6
Cc_e_07.csv545,1
Cj_e_08.csv592,2
Bt_a_04.csv552,0
Cq_a_07.csv608,3
Cs_e_09.csv905,5
Cs_e_05.csv998,5
Ws_e_01.csv916,11
Ws_a_03.csv817,11
Cq_e_02.csv113,3
Pp_a_03.csv326,9
Cj_e_05.csv575,2
Sc_e_07.csv880,10
Cq_a_09.csv620,3
Cq_e_01.csv232,3
Cc_a_07.csv868,1
Cs_a_08.csv120,5
Ws_a_08.csv789,11
Mm_a_02.csv379,6
Bt_a_07.csv137,0
Cc_a_02.csv788,1
Mm_a_09.csv593,6
Mn_a_09.csv345,7
Cj_e_03.csv676,2
Cq_a_09.csv996,3
Cq_e_09.csv406,3
Pg_a_07.csv623,8
Ws_a_09.csv844,11
Cr_e_06.csv549,4
Mn_e_10.csv952,7
Mm_a_02.csv264,6
Pp_a_03.csv411,9
Sc_a_02.csv411,10
Ws_e_03.csv45,11
Cs_a_05.csv985,5
Sc_e_10.csv27,10
Cj_e_06.csv358,2
Ws_a_01.csv892,11
Pg_e_09.csv318,8
Pp_a_03.csv319,9
Cq_e_01.csv189,3
Bt_e_08.csv726,0
Sc_a_04.csv653,10
Pp_a_01.csv859,9
Cj_e_07.csv189,2
Cs_a_01.csv38,5
Pp_e_07.csv986,9
Mm_e_02.csv22,6
Mn_e_02.csv44,7
Ws_e_01.csv475,11
Cr_e_06.csv446,4
Sc_e_05.csv206,10
Mn_e_08.csv459,7
Pp_e_01.csv125,9
Cc_a_09.csv566,1
Bt_a_09.csv217,0
Sc_e_06.csv25,10
Cc_e_03.csv758,1
Pp_a_06.csv231,9
Cr_e_10.csv768,4
Pp_a_09.csv869,9
Pg_a_04.csv685,8
Pg_e_02.csv337,8
Pg_a_10.csv687,8
Bt_a_04.csv563,0
Mm_a_07.csv72,6
Cq_e_10.csv228,3
Cq_e_10.csv936,3
Mm_a_06.csv615,6
Pp_e_02.csv227,9
Sc_e_05.csv153,10
Cs_e_01.csv867,5
Pp_e_06.csv705,9
Ws_e_02.csv634,11
Bt_a_02.csv349,0
Sc_e_06.csv954,10
Cq_a_10.csv302,3
Cj_e_07.csv731,2
Mm_e_05.csv415,6
Mn_a_08.csv247,7
Pp_e_09.csv806,9
Cr_a_10.csv239,4
Cs_e_01.csv224,5
Pp_e_03.csv684,9
Cr_a_09.csv739,4
Cr_e_06.csv427,4
Bt_a_03.csv317,0
Mn_e_05.csv872,7
Cc_e_02.csv955,1
Mn_a_10.csv454,7
Pg_e_08.csv943,8
Cr_e_08.csv751,4
Ws_a_10.csv343,11
Cr_a_03.csv594,4
Cq_e_08.csv720,3
Sc_a_04.csv448,10
Ws_a_05.csv494,11
Bt_a_09.csv129,0
Cs_e_03.csv196,5
Mm_a_04.csv385,6
Bt_e_04.csv771,0
Pg_a_02.csv754,8
Cq_e_02.csv774,3
Cc_e_01.csv382,1
Cr_a_09.csv427,4
Mm_e_02.csv791,6
Cc_a_06.csv310,1
Mm_a_09.csv602,6
Ws_e_04.csv384,11
Ws_a_01.csv599,11
Cr_a_09.csv87,4
Ws_a_04.csv172,11
Mn_e_09.csv306,7
Mm_e_02.csv188,6
Cs_e_05.csv106,5
Pp_a_10.csv916,9
Ws_e_05.csv108,11
Sc_e_05.csv625,10
Bt_e_09.csv339,0
Sc_e_01.csv352,10
Ws_a_07.csv878,11
Cs_e_03.csv813,5
Pp_a_03.csv371,9
Mn_e_02.csv490,7
Ws_a_09.csv563,11
Pg_e_07.csv282,8
Mn_a_04.csv751,7
Bt_e_10.csv127,0
Pg_e_03.csv166,8
Mm_a_01.csv228,6
Mm_e_02.csv10,6
Cj_a_03.csv355,2
Mn_a_01.csv535,7
Bt_e_01.csv760,0
Pg_a_09.csv443,8
Ws_a_06.csv12,11
Mn_a_08.csv69,7
Pp_a_07.csv815,9
Cc_e_09.csv576,1
Cr_e_06.csv936,4
Sc_e_01.csv981,10
Pg_e_04.csv290,8
Mn_e_06.csv61,7
Mm_a_07.csv946,6
Cc_a_08.csv963,1
Pg_e_04.csv14,8
Mm_a_10.csv744,6
Pg_a_02.csv400,8
Pg_a_06.csv406,8
Cj_a_10.csv865,2
Cj_e_09.csv349,2
Cq_a_09.csv424,3
Mm_e_04.csv418,6
Pg_a_05.csv685,8
Ws_e_06.csv313,11
Mm_e_05.csv272,6
Mm_a_04.csv90,6
Bt_a_05.csv121,0
Mm_e_06.csv228,6
Cr_a_06.csv42,4
Cq_e_03.csv496,3
Cq_e_07.csv147,3
Sc_e_01.csv456,10
Ws_e_02.csv788,11
Cr_a_02.csv666,4
Ws_e_01.csv353,11
Pp_e_10.csv346,9
Mn_a_09.csv410,7
Ws_a_01.csv977,11
Pp_e_03.csv789,9
Mn_e_10.csv689,7
Pp_e_09.csv707,9
Mm_a_10.csv753,6
Pg_e_01.csv842,8
Cj_e_02.csv95,2
Pp_a_01.csv180,9
Pp_e_09.csv540,9
Mn_a_01.csv988,7
Pg_e_09.csv427,8
Bt_e_02.csv29,0
Ws_e_07.csv519,11
Mn_a_01.csv697,7
Ws_e_04.csv575,11
Pp_e_03.csv390,9
Mm_e_02.csv9,6
Bt_a_03.csv95,0
Pg_a_09.csv164,8
Mn_a_04.csv987,7
Sc_e_10.csv610,10
Mm_e_09.csv151,6
Cj_e_01.csv276,2
Cs_e_05.csv354,5
Bt_a_04.csv60,0
Bt_e_02.csv162,0
Cq_a_03.csv796,3
Mn_e_05.csv939,7
Cj_a_02.csv893,2
Ws_a_03.csv749,11
Sc_e_06.csv482,10
Pp_e_01.csv747,9
Mm_e_09.csv197,6
Sc_a_02.csv840,10
Ws_a_10.csv146,11
Cj_e_06.csv479,2
Cc_a_07.csv85,1
Ws_a_07.csv330,11
Cs_e_09.csv537,5
Pg_e_06.csv579,8
Cq_e_09.csv733,3
Pg_a_03.csv866,8
Pg_a_08.csv552,8
Cq_e_05.csv214,3
Cq_e_10.csv935,3
Ws_a_04.csv145,11
Cq_e_03.csv250,3
Pg_e_06.csv907,8
Bt_a_01.csv943,0
Cq_a_09.csv827,3
Mn_a_06.csv29,7
Mm_a_10.csv910,6
Cj_e_10.csv835,2
Pp_a_09.csv65,9
Sc_a_05.csv421,10
Pg_e_06.csv833,8
Mm_e_06.csv443,6
Pg_a_07.csv469,8
Cj_e_02.csv916,2
Cj_a_10.csv337,2
Cr_a_06.csv948,4
Ws_a_08.csv169,11
Cs_a_05.csv904,5
Mm_e_10.csv542,6
Pp_e_02.csv382,9
Bt_a_10.csv81,0
Ws_e_09.csv539,11
Cr_e_02.csv106,4
Ws_e_07.csv514,11
Cs_e_09.csv322,5
Sc_e_01.csv407,10
Mm_a_07.csv572,6
Pp_a_06.csv707,9
Bt_a_06.csv647,0
Cq_e_08.csv259,3
Bt_e_05.csv360,0
Bt_a_05.csv926,0
Bt_a_02.csv857,0
Cs_a_07.csv186,5
Mm_e_08.csv756,6
Pg_a_07.csv191,8
Pp_e_04.csv697,9
Cc_e_04.csv537,1
Pg_e_04.csv783,8
Mm_a_02.csv846,6
Bt_e_06.csv600,0
Pg_a_01.csv658,8
Cq_e_09.csv524,3
Cs_e_08.csv613,5
Cc_e_05.csv614,1
Cs_e_07.csv597,5
Cq_a_09.csv253,3
Cj_a_02.csv69,2
Cs_e_05.csv919,5
Bt_e_10.csv614,0
Mn_e_09.csv979,7
Mm_a_06.csv436,6
Cq_a_10.csv837,3
Pp_a_07.csv885,9
Bt_a_09.csv475,0
Bt_a_10.csv250,0
Ws_a_02.csv359,11
Sc_a_02.csv310,10
Cr_e_05.csv830,4
Cs_e_02.csv206,5
Ws_e_04.csv964,11
Pp_a_07.csv629,9
Cj_a_05.csv61,2
Mm_a_09.csv116,6
Cj_e_01.csv666,2
Sc_e_06.csv643,10
Ws_e_06.csv912,11
Cc_a_02.csv826,1
Pp_a_10.csv572,9
Sc_a_08.csv585,10
Pg_a_08.csv706,8
Cc_a_06.csv225,1
Mm_a_06.csv91,6
Bt_e_01.csv620,0
Cc_e_02.csv775,1
Bt_a_04.csv551,0
Pp_e_08.csv685,9
Cq_a_06.csv209,3
Mm_e_05.csv380,6
Pg_e_07.csv600,8
Mn_a_09.csv482,7
Cc_e_02.csv747,1
Pp_e_10.csv336,9
Cq_a_09.csv650,3
Pg_a_02.csv884,8
Pp_a_08.csv412,9
Cq_a_04.csv393,3
Cs_e_05.csv251,5
Sc_a_03.csv215,10
Mm_e_04.csv378,6
Mn_e_06.csv421,7
Cc_a_08.csv285,1
Mm_e_02.csv82,6
Cq_a_03.csv49,3
Bt_e_06.csv324,0
Cq_a_04.csv51,3
Cr_a_04.csv745,4
Cr_a_01.csv472,4
Bt_a_08.csv987,0
Cc_a_01.csv241,1
Cs_e_07.csv724,5
Cq_a_06.csv255,3
Mm_a_02.csv769,6
Cq_a_05.csv999,3
Mm_e_09.csv855,6
Bt_a_07.csv133,0
Cs_a_07.csv364,5
Cr_e_02.csv793,4
Cc_e_10.csv579,1
Cj_a_04.csv0,2
Mm_a_08.csv743,6
Cq_e_08.csv499,3
Pg_e_06.csv647,8
Cs_e_08.csv186,5
Pp_a_07.csv981,9
Cj_e_01.csv199,2
Mm_e_10.csv912,6
Cs_a_03.csv877,5
Cr_a_04.csv866,4
Cc_a_08.csv557,1
Cr_e_09.csv641,4
Mn_e_07.csv929,7
Pp_e_09.csv54,9
Cq_e_04.csv1,3
Mm_e_08.csv452,6
Cc_e_03.csv142,1
Cc_a_05.csv1,1
Mm_e_06.csv710,6
Mm_a_03.csv426,6
Pp_e_10.csv576,9
Bt_e_04.csv211,0
Cc_e_08.csv341,1
Cs_a_05.csv821,5
Pp_a_04.csv315,9
Mm_e_08.csv10,6
Sc_e_05.csv169,10
Ws_e_08.csv24,11
Cr_a_06.csv962,4
Cj_e_02.csv328,2
Cq_e_03.csv392,3
Cr_e_06.csv452,4
Mn_e_10.csv713,7
Sc_e_04.csv367,10
Sc_a_07.csv378,10
Cq_a_01.csv540,3
Cs_a_07.csv740,5
Bt_a_01.csv674,0
Bt_e_09.csv546,0
Bt_a_10.csv65,0
Cj_e_06.csv864,2
Cq_e_07.csv928,3
Cr_a_03.csv922,4
Pg_a_08.csv583,8
Sc_a_03.csv837,10
Cr_e_08.csv38,4
Bt_e_06.csv922,0
Bt_a_01.csv611,0
Sc_a_06.csv910,10
Pg_e_02.csv732,8
Cq_a_03.csv651,3
Mm_a_10.csv562,6
Cs_e_02.csv969,5
Pg_a_04.csv508,8
Pg_a_03.csv313,8
Bt_e_02.csv982,0
Cr_e_04.csv235,4
Sc_a_05.csv490,10
Mm_a_03.csv274,6
Pg_e_03.csv257,8
Cr_a_05.csv336,4
Pp_a_04.csv436,9
Cr_a_10.csv529,4
Sc_a_09.csv224,10
Ws_e_03.csv689,11
Cj_a_05.csv693,2
Cr_e_07.csv582,4
Pp_e_10.csv695,9
Bt_a_04.csv171,0
Cc_e_03.csv848,1
Cr_e_10.csv11,4
Cq_a_05.csv168,3
Cc_a_04.csv472,1
Pg_a_05.csv595,8
Cr_e_03.csv19,4
Cs_a_04.csv357,5
Mm_e_09.csv343,6
Pg_a_06.csv107,8
Sc_e_08.csv887,10
Cq_a_03.csv449,3
Sc_e_03.csv497,10
Cc_e_06.csv424,1
Pg_e_03.csv376,8
Mm_a_04.csv477,6
Cs_a_05.csv857,5
Bt_e_06.csv661,0
Cq_e_04.csv42,3
Cr_e_10.csv848,4
Ws_a_09.csv91,11
Ws_a_01.csv927,11
Mm_e_07.csv835,6
Cq_a_08.csv235,3
Mm_e_05.csv429,6
Cj_e_01.csv304,2
Cj_a_01.csv409,2
Sc_a_03.csv187,10
Ws_e_08.csv393,11
Ws_a_07.csv943,11
Sc_a_05.csv130,10
Sc_a_03.csv810,10
Cj_e_07.csv142,2
Cc_e_05.csv558,1
Cc_a_01.csv884,1
Bt_e_06.csv682,0
Sc_e_03.csv907,10
Ws_e_01.csv670,11
Cj_a_02.csv747,2
Cr_e_01.csv652,4
Mm_a_05.csv386,6
Mn_a_02.csv834,7
Cc_a_06.csv203,1
Cj_a_03.csv67,2
Bt_e_07.csv586,0
Cq_a_03.csv993,3
Cc_e_04.csv168,1
Cj_e_05.csv654,2
Mn_e_09.csv438,7
Cj_e_06.csv255,2
Ws_a_10.csv615,11
Cs_e_03.csv203,5
Mn_e_07.csv223,7
Mm_e_01.csv390,6
Pp_e_06.csv381,9
Cc_a_09.csv991,1
Mn_a_02.csv622,7
Mm_a_05.csv405,6
Cj_a_09.csv243,2
Mm_e_04.csv84,6
Mn_a_02.csv969,7
Cr_e_07.csv946,4
Mn_a_08.csv212,7
Sc_a_05.csv29,10
Mm_a_09.csv630,6
Ws_a_04.csv258,11
Cc_e_06.csv921,1
Pp_e_01.csv430,9
Cr_e_10.csv484,4
Bt_a_02.csv406,0
Sc_e_07.csv489,10
Pg_a_05.csv865,8
Mm_a_08.csv485,6
Cq_a_02.csv848,3
Mm_e_07.csv977,6
Ws_a_10.csv906,11
Cr_e_06.csv400,4
Cq_e_05.csv773,3
Cq_a_05.csv49,3
Ws_e_09.csv949,11
Cj_e_10.csv38,2
Cc_a_02.csv542,1
Ws_e_10.csv900,11
Sc_a_03.csv16,10
Cr_e_04.csv661,4
Cq_e_06.csv221,3
Bt_e_03.csv295,0
Mm_e_10.csv185,6
Cs_e_01.csv962,5
Ws_e_07.csv234,11
Pg_e_03.csv54,8
Cj_a_01.csv503,2
Pg_a_09.csv44,8
Sc_a_06.csv316,10
Cj_a_04.csv319,2
Pg_e_01.csv406,8
Sc_a_06.csv452,10
Ws_e_07.csv405,11
Mm_e_09.csv32,6
Mn_a_05.csv767,7
Cr_a_04.csv159,4
Mm_e_06.csv70,6
Cc_e_08.csv139,1
Cj_e_03.csv463,2
Cs_a_08.csv620,5
Pg_a_02.csv992,8
Ws_e_01.csv120,11
Sc_a_07.csv693,10
Cs_a_06.csv261,5
Ws_e_07.csv174,11
Ws_a_02.csv225,11
Cj_e_03.csv934,2
Bt_a_06.csv230,0
Bt_a_10.csv431,0
Ws_a_10.csv517,11
Cc_e_08.csv493,1
Bt_a_10.csv756,0
Cc_e_08.csv798,1
Cc_e_08.csv650,1
Mn_a_09.csv669,7
Cq_a_08.csv158,3
Ws_e_01.csv507,11
Cr_a_07.csv21,4
Pg_e_06.csv672,8
Cj_e_08.csv345,2
Cc_e_09.csv423,1
Bt_e_03.csv47,0
Mn_a_06.csv554,7
Cq_e_10.csv573,3
Cq_e_10.csv229,3
Pg_a_08.csv718,8
Cc_e_05.csv448,1
Pg_e_05.csv520,8
Sc_e_02.csv561,10
Cr_e_02.csv489,4
Ws_e_10.csv133,11
Cr_a_07.csv454,4
Ws_e_10.csv77,11
Mm_e_06.csv563,6
Pg_a_03.csv55,8
Sc_e_06.csv968,10
Pg_a_09.csv380,8
Ws_e_05.csv537,11
Bt_e_02.csv456,0
Ws_e_06.csv671,11
Cq_e_05.csv655,3
Sc_e_06.csv967,10
Sc_e_08.csv217,10
Ws_a_08.csv768,11
Mn_a_01.csv346,7
Bt_e_10.csv415,0
Mn_e_02.csv562,7
Mm_e_09.csv1,6
Cq_a_02.csv402,3
Cs_e_06.csv675,5
Cc_e_04.csv669,1
Cs_e_09.csv238,5
Ws_e_06.csv137,11
Cc_e_10.csv215,1
Pp_a_07.csv327,9
Cc_a_06.csv590,1
Pg_e_06.csv927,8
Cc_e_06.csv902,1
Cq_a_01.csv66,3
Ws_a_07.csv823,11
Cr_a_09.csv631,4
Mm_a_10.csv296,6
Cs_e_08.csv974,5
Pp_a_08.csv482,9
Cq_a_08.csv141,3
Cr_e_07.csv123,4
Pg_a_09.csv729,8
Cs_a_09.csv812,5
Cs_e_09.csv198,5
Cq_e_02.csv163,3
Bt_e_03.csv495,0
Mn_a_06.csv353,7
Cq_a_04.csv528,3
Pg_e_05.csv32,8
Cq_e_01.csv461,3
Cq_e_04.csv523,3
Cc_a_02.csv394,1
Mn_e_05.csv84,7
Cr_a_07.csv515,4
Sc_a_07.csv744,10
Ws_e_05.csv751,11
Cr_a_08.csv781,4
Pg_a_03.csv326,8
Bt_e_07.csv294,0
Cs_e_09.csv656,5
Mm_e_04.csv53,6
Ws_a_02.csv264,11
Cj_e_09.csv339,2
Cs_a_10.csv635,5
Pg_a_10.csv881,8
Mm_e_10.csv770,6
Mm_e_02.csv241,6
Mn_e_10.csv832,7
Sc_e_10.csv54,10
Pg_a_06.csv275,8
Bt_e_08.csv383,0
Sc_a_04.csv999,10
Bt_a_09.csv953,0
Mn_e_10.csv510,7
Cs_e_06.csv576,5
Mn_a_06.csv600,7
Cj_e_03.csv925,2
Mm_a_09.csv102,6
Cq_e_10.csv999,3
Cr_e_04.csv393,4
Mm_e_02.csv956,6
Cq_a_03.csv45,3
Bt_e_04.csv509,0
Mn_e_09.csv334,7
Pp_a_01.csv739,9
Cr_a_07.csv519,4
Sc_a_01.csv714,10
Cr_a_03.csv723,4
Pg_e_08.csv343,8
Ws_e_03.csv752,11
Cr_a_06.csv941,4
Cs_a_05.csv81,5
Pp_a_10.csv161,9
Cj_e_10.csv574,2
Ws_a_03.csv541,11
Sc_e_02.csv878,10
Cj_a_05.csv305,2
Cr_a_04.csv727,4
Pg_a_09.csv444,8
Pg_e_01.csv981,8
Pp_e_04.csv592,9
Mm_a_02.csv510,6
Cs_a_06.csv944,5
Cs_e_03.csv456,5
Cr_a_09.csv566,4
Cq_e_09.csv98,3
Sc_e_07.csv433,10
Cc_a_01.csv849,1
Ws_e_08.csv607,11
Cr_e_07.csv869,4
Bt_e_08.csv405,0
Bt_a_10.csv354,0
Bt_a_09.csv270,0
Cq_e_01.csv166,3
Cq_e_07.csv0,3
Cq_a_01.csv780,3
Cc_e_07.csv180,1
Mn_e_09.csv674,7
Cq_e_03.csv20,3
Ws_e_05.csv669,11
Sc_a_03.csv7,10
Mm_a_04.csv741,6
Bt_e_02.csv884,0
Pp_e_08.csv424,9
Cr_a_05.csv752,4
Sc_e_01.csv281,10
Bt_a_09.csv996,0
Ws_e_06.csv65,11
Pg_a_02.csv249,8
Cj_e_06.csv644,2
Sc_a_09.csv636,10
Cj_a_07.csv228,2
Bt_a_10.csv451,0
Cq_e_03.csv971,3
Pg_e_06.csv456,8
Cq_e_10.csv275,3
Sc_a_06.csv352,10
Sc_e_10.csv980,10
Pp_a_07.csv577,9
Cc_a_09.csv64,1
Pp_e_10.csv967,9
Cc_e_10.csv35,1
Cj_a_10.csv810,2
Pg_e_01.csv625,8
Bt_a_01.csv225,0
Pg_e_06.csv504,8
Bt_e_10.csv451,0
Ws_a_07.csv438,11
Pg_a_01.csv41,8
Cr_a_06.csv978,4
Pg_a_08.csv677,8
Cc_e_08.csv488,1
Cr_e_08.csv944,4
Bt_a_07.csv475,0
Mm_e_10.csv256,6
Ws_a_01.csv274,11
Cq_a_05.csv507,3
Cc_a_01.csv278,1
Bt_a_02.csv625,0
Cr_a_01.csv867,4
Mn_a_02.csv701,7
Cr_e_05.csv86,4
Mn_e_07.csv304,7
Cr_a_08.csv645,4
Bt_a_03.csv694,0
Pp_a_09.csv731,9
Mn_e_09.csv705,7
Pg_a_10.csv164,8
Pp_a_08.csv869,9
Bt_e_01.csv28,0
Cc_a_02.csv917,1
Sc_a_01.csv314,10
Cr_a_01.csv296,4
Pg_e_07.csv538,8
Cr_a_02.csv936,4
Ws_e_06.csv142,11
Mm_e_05.csv725,6
Mm_e_08.csv627,6
Ws_e_02.csv948,11
Cq_e_03.csv267,3
Sc_a_09.csv760,10
Mm_a_08.csv855,6
Mm_e_01.csv299,6
Ws_e_03.csv997,11
Bt_a_09.csv819,0
Ws_e_01.csv553,11
Bt_a_07.csv633,0
Pp_e_06.csv145,9
Cj_e_09.csv815,2
Mn_a_04.csv235,7
Cr_a_02.csv212,4
Cr_a_10.csv879,4
Cc_a_04.csv328,1
Ws_a_04.csv952,11
Mn_e_09.csv650,7
Pg_e_02.csv111,8
Bt_a_03.csv711,0
Pp_e_03.csv128,9
Pg_a_01.csv841,8
Cc_e_06.csv739,1
Cs_e_02.csv27,5
Cq_e_05.csv69,3
Pg_e_09.csv975,8
Cq_a_08.csv481,3
Mn_a_02.csv381,7
Mn_e_07.csv575,7
Cr_e_01.csv556,4
Cc_e_05.csv721,1
Pp_a_10.csv901,9
Bt_e_04.csv420,0
Bt_a_03.csv90,0
Pg_e_04.csv599,8
Cc_a_08.csv931,1
Cq_a_04.csv735,3
Cs_a_03.csv181,5
Ws_a_09.csv481,11
Pp_a_09.csv624,9
Pg_a_07.csv689,8
Pp_e_06.csv81,9
Mm_e_02.csv210,6
Cs_e_04.csv36,5
Cs_e_07.csv430,5
Cq_a_01.csv792,3
Sc_e_10.csv560,10
Ws_e_08.csv40,11
Mn_a_10.csv684,7
Pg_e_08.csv6,8
Cj_e_03.csv695,2
Cs_a_06.csv380,5
Pg_a_01.csv747,8
Cj_e_03.csv899,2
Pg_a_07.csv825,8
Cc_a_08.csv107,1
Cq_e_08.csv248,3
Mm_e_08.csv24,6
Pg_e_09.csv525,8
Cj_a_03.csv112,2
Cj_e_07.csv327,2
Pp_a_07.csv867,9
Mm_e_05.csv631,6
Cj_a_10.csv719,2
Mn_e_02.csv815,7
Mm_e_07.csv506,6
Cs_e_07.csv284,5
Mn_a_03.csv336,7
Cc_a_02.csv109,1
Cs_a_07.csv57,5
Cr_a_06.csv872,4
Sc_a_10.csv277,10
Cj_a_04.csv603,2
Sc_a_01.csv198,10
Cj_e_07.csv861,2
Cr_a_07.csv435,4
Cs_a_10.csv564,5
Cc_e_09.csv383,1
Ws_e_10.csv573,11
Cc_a_04.csv426,1
Bt_e_10.csv341,0
Pp_a_04.csv845,9
Cj_a_05.csv930,2
Ws_e_09.csv901,11
Mm_e_07.csv550,6
Mm_e_01.csv881,6
Cs_e_05.csv644,5
Mn_e_03.csv984,7
Cs_e_08.csv120,5
Cc_a_07.csv597,1
Mm_e_08.csv221,6
Bt_e_05.csv848,0
Pg_a_03.csv452,8
Mm_e_01.csv163,6
Cr_e_01.csv78,4
Sc_a_04.csv197,10
Cc_a_06.csv967,1
Sc_a_02.csv774,10
Bt_e_06.csv496,0
Mn_a_09.csv948,7
Sc_e_07.csv467,10
Cq_e_10.csv889,3
Cc_a_04.csv986,1
Pp_e_08.csv436,9
Mn_e_10.csv877,7
Bt_e_07.csv223,0
Mm_e_02.csv630,6
Cc_a_08.csv745,1
Ws_e_05.csv912,11
Ws_a_01.csv214,11
Pg_e_04.csv313,8
Cr_e_09.csv901,4
Pg_e_07.csv156,8
Pp_e_10.csv126,9
Cc_e_03.csv26,1
Cr_a_09.csv169,4
Pg_a_03.csv635,8
Mm_e_10.csv131,6
Sc_a_07.csv316,10
Cc_a_08.csv61,1
Pg_a_06.csv335,8
Mm_a_03.csv855,6
Cq_a_06.csv656,3
Pg_a_07.csv684,8
Ws_e_08.csv395,11
Cr_a_09.csv630,4
Cc_e_05.csv240,1
Cj_e_02.csv334,2
Ws_a_01.csv799,11
Mm_e_03.csv606,6
Mn_a_04.csv821,7
Cq_a_02.csv580,3
Cq_a_03.csv984,3
Cr_e_05.csv483,4
Mm_a_04.csv345,6
Cs_a_07.csv336,5
Sc_a_08.csv860,10
Cs_a_06.csv756,5
Cc_e_06.csv461,1
Cr_a_06.csv148,4
Sc_e_04.csv748,10
Bt_a_04.csv182,0
Ws_e_09.csv191,11
Bt_e_09.csv22,0
Mm_a_07.csv450,6
Cj_e_02.csv948,2
Cc_a_05.csv801,1
Cs_a_09.csv96,5
Cr_e_03.csv756,4
Cr_e_01.csv820,4
Cr_e_01.csv900,4
Pp_a_04.csv507,9
Mn_a_05.csv463,7
Sc_a_10.csv883,10
Mm_e_02.csv27,6
Cj_e_05.csv641,2
Cs_a_08.csv346,5
Cs_e_09.csv157,5
Cr_e_07.csv284,4
Cs_e_05.csv148,5
Mm_e_07.csv329,6
Cr_a_07.csv857,4
Bt_e_10.csv257,0
Cj_a_06.csv695,2
Cr_e_10.csv544,4
Ws_e_05.csv684,11
Mm_e_01.csv119,6
Sc_a_08.csv219,10
Cr_a_08.csv144,4
Mm_a_06.csv588,6
Cc_e_10.csv832,1
Cs_e_07.csv840,5
Cj_a_01.csv782,2
Sc_e_01.csv437,10
Cc_e_10.csv173,1
Cr_a_01.csv270,4
Mn_a_05.csv114,7
Cs_e_06.csv874,5
Cj_a_06.csv490,2
Cs_e_03.csv599,5
Cc_e_05.csv29,1
Mm_a_06.csv388,6
Mm_a_01.csv853,6
Pp_a_08.csv1,9
Sc_a_08.csv355,10
Mn_e_03.csv880,7
Pg_a_08.csv193,8
Pg_a_10.csv105,8
Cs_a_05.csv991,5
Mm_a_09.csv688,6
Pp_e_01.csv452,9
Ws_a_06.csv920,11
Ws_e_08.csv471,11
Cc_e_04.csv72,1
Cj_e_09.csv46,2
Ws_a_10.csv92,11
Cq_a_02.csv624,3
Cr_a_01.csv507,4
Cq_e_08.csv188,3
Mn_a_10.csv984,7
Cs_e_04.csv553,5
Cj_a_05.csv853,2
Cq_a_09.csv622,3
Cj_e_07.csv165,2
Cr_e_06.csv203,4
Mm_e_04.csv428,6
Ws_e_07.csv97,11
Cc_a_02.csv207,1
Pp_a_04.csv123,9
Cr_a_02.csv793,4
Mn_e_10.csv501,7
Sc_e_03.csv598,10
Pp_a_01.csv570,9
Cj_a_07.csv676,2
Ws_a_09.csv735,11
Bt_a_05.csv400,0
Bt_a_04.csv13,0
Pp_e_10.csv68,9
Mn_a_06.csv233,7
Mm_a_01.csv701,6
Pg_e_05.csv770,8
Bt_a_06.csv740,0
Mn_e_09.csv608,7
Cr_e_03.csv778,4
Cs_a_03.csv644,5
Pg_a_05.csv532,8
Ws_a_05.csv379,11
Cs_e_05.csv927,5
Bt_a_08.csv438,0
Bt_e_01.csv290,0
Sc_a_07.csv712,10
Cr_a_10.csv855,4
Cq_e_05.csv304,3
Cc_e_02.csv267,1
Cs_e_08.csv446,5
Mn_e_06.csv335,7
Bt_a_10.csv157,0
Cc_a_05.csv900,1
Cc_a_06.csv635,1
Cr_a_08.csv213,4
Pp_a_01.csv280,9
Sc_a_10.csv756,10
Bt_e_05.csv151,0
Cs_a_01.csv819,5
Cc_e_04.csv394,1
Ws_e_05.csv68,11
Cc_a_08.csv496,1
Cq_e_08.csv894,3
Cj_e_08.csv733,2
Bt_e_06.csv861,0
Pp_e_09.csv977,9
Cq_a_04.csv829,3
Cr_e_07.csv968,4
Cj_a_04.csv207,2
Mm_a_07.csv833,6
Pg_e_05.csv180,8
Cj_a_04.csv639,2
Mn_e_01.csv906,7
Sc_a_04.csv472,10
Mm_e_01.csv587,6
Pg_e_04.csv887,8
Sc_e_01.csv920,10
Sc_e_01.csv460,10
Mm_a_08.csv265,6
Cs_e_08.csv396,5
Cs_e_09.csv970,5
Pg_a_05.csv211,8
Mn_e_10.csv401,7
Mn_e_01.csv826,7
Sc_e_02.csv279,10
Ws_e_07.csv166,11
Cr_a_07.csv705,4
Cj_e_08.csv602,2
Cj_a_03.csv986,2
Cq_e_04.csv360,3
Sc_e_04.csv75,10
Sc_a_04.csv185,10
Cc_e_05.csv436,1
Mm_a_03.csv514,6
Cs_e_06.csv946,5
Cr_e_02.csv816,4
Mn_e_07.csv197,7
Mn_a_06.csv725,7
Bt_a_02.csv397,0
Pg_a_03.csv479,8
Cr_e_05.csv576,4
Bt_a_04.csv265,0
Cj_a_02.csv870,2
Cj_a_04.csv556,2
Pp_e_07.csv283,9
Ws_e_06.csv698,11
Bt_e_07.csv438,0
Bt_a_07.csv578,0
Cr_e_07.csv845,4
Pp_a_09.csv6,9
Ws_e_06.csv821,11
Sc_a_08.csv382,10
Pp_e_03.csv853,9
Cj_a_09.csv775,2
Cj_a_08.csv531,2
Cs_e_01.csv684,5
Mm_e_03.csv276,6
Pp_e_09.csv760,9
Cq_e_04.csv342,3
Cs_e_04.csv330,5
Sc_a_01.csv943,10
Pg_e_04.csv446,8
Cj_e_02.csv821,2
Bt_e_05.csv872,0
Sc_a_04.csv29,10
Pp_a_08.csv423,9
Cc_a_09.csv464,1
Sc_a_09.csv905,10
Pp_a_10.csv682,9
Cq_a_10.csv945,3
Mm_a_08.csv858,6
Pg_e_06.csv28,8
Bt_a_08.csv501,0
Mn_a_01.csv272,7
Cr_a_03.csv645,4
Pp_a_07.csv407,9
Cj_a_06.csv208,2
Mn_e_09.csv224,7
Pg_e_01.csv748,8
Cs_e_04.csv473,5
Ws_e_09.csv475,11
Cc_e_02.csv970,1
Cq_e_06.csv320,3
Cj_e_08.csv346,2
Cq_a_08.csv22,3
Bt_a_09.csv448,0
Sc_e_04.csv442,10
Cs_e_09.csv93,5
Cs_e_04.csv380,5
Cq_e_01.csv347,3
Cc_e_06.csv706,1
Bt_a_04.csv111,0
Ws_a_03.csv188,11
Cj_e_07.csv641,2
Sc_a_01.csv128,10
Ws_a_05.csv969,11
Pp_a_10.csv108,9
Cr_e_03.csv33,4
Cr_e_03.csv550,4
Cs_a_04.csv954,5
Cq_a_04.csv234,3
Pp_a_08.csv903,9
Ws_e_09.csv163,11
Mm_a_01.csv106,6
Cq_a_08.csv19,3
Ws_e_01.csv411,11
Cc_e_07.csv884,1
Cc_a_02.csv248,1
Pp_a_03.csv231,9
Bt_e_01.csv574,0
Pp_e_10.csv92,9
Pp_e_10.csv143,9
Sc_e_05.csv887,10
Mm_a_02.csv255,6
Pp_e_08.csv493,9
Cq_a_10.csv496,3
Ws_a_02.csv926,11
Cj_e_09.csv753,2
Mn_a_10.csv5,7
Ws_a_06.csv320,11
Cq_a_05.csv675,3
Sc_e_08.csv928,10
Cq_a_07.csv108,3
Cq_e_08.csv3,3
Cj_a_09.csv604,2
Cc_a_06.csv332,1
Cc_a_09.csv251,1
Cj_a_08.csv462,2
Cq_a_01.csv164,3
Cj_e_05.csv200,2
Pg_a_03.csv654,8
Bt_e_01.csv523,0
Ws_e_07.csv675,11
Pg_e_09.csv94,8
Bt_a_09.csv375,0
Cj_e_09.csv581,2
Ws_e_10.csv520,11
Sc_a_03.csv182,10
Cs_a_08.csv584,5
Pp_a_06.csv457,9
Cc_e_02.csv293,1
Cs_a_03.csv483,5
Cc_e_05.csv677,1
Pg_a_02.csv175,8
Pg_a_04.csv254,8
Bt_e_10.csv467,0
Cq_e_04.csv632,3
Cs_a_07.csv602,5
Pg_e_06.csv951,8
Ws_a_05.csv737,11
Cs_a_05.csv747,5
Cr_a_02.csv618,4
Mn_a_10.csv602,7
Mn_a_05.csv635,7
Pp_e_03.csv634,9
Bt_a_07.csv181,0
Pg_a_10.csv560,8
Cq_a_06.csv534,3
Cc_e_01.csv632,1
Cr_e_03.csv17,4
Pg_e_08.csv591,8
Bt_e_01.csv266,0
Cr_a_07.csv302,4
Mn_a_09.csv884,7
Pg_a_09.csv586,8
Cj_a_09.csv459,2
Pp_e_07.csv404,9
Cr_e_09.csv328,4
Pg_a_01.csv147,8
Cq_e_03.csv923,3
Cj_a_10.csv519,2
Pg_a_10.csv229,8
Ws_a_08.csv648,11
Cc_e_03.csv275,1
Pg_a_05.csv256,8
Mn_e_02.csv780,7
Ws_a_03.csv433,11
Mm_a_09.csv266,6
Bt_a_08.csv1000,0
Pg_a_10.csv63,8
Ws_a_01.csv704,11
Cc_a_07.csv512,1
Cc_a_09.csv445,1
Cc_e_03.csv445,1
Cr_e_06.csv736,4
Pp_a_10.csv669,9
Cr_a_10.csv977,4
Sc_a_08.csv103,10
Mn_a_04.csv161,7
Cs_a_06.csv385,5
Sc_e_01.csv823,10
Pg_e_09.csv665,8
Cq_e_02.csv127,3
Cc_e_02.csv950,1
Cq_a_02.csv176,3
Pp_e_02.csv51,9
Cq_a_02.csv39,3
Ws_e_04.csv8,11
Cc_e_01.csv395,1
Mn_a_03.csv85,7
Sc_a_05.csv206,10
Ws_e_06.csv746,11
Ws_e_10.csv576,11
Cr_e_08.csv313,4
Sc_e_01.csv312,10
Cr_e_01.csv628,4
Cr_a_01.csv855,4
Cc_e_07.csv310,1
Sc_a_02.csv4,10
Bt_a_09.csv206,0
Pp_a_06.csv879,9
Cq_a_06.csv457,3
Mn_e_08.csv463,7
Mm_a_10.csv578,6
Cq_e_09.csv69,3
Cr_a_01.csv557,4
Cr_a_01.csv919,4
Ws_a_06.csv848,11
Mm_a_07.csv136,6
Sc_e_04.csv527,10
Mn_e_07.csv423,7
Cs_a_07.csv341,5
Cs_a_09.csv471,5
Sc_a_02.csv508,10
Cj_a_10.csv205,2
Pg_a_02.csv603,8
Pp_a_04.csv775,9
Cq_e_02.csv930,3
Sc_a_06.csv885,10
Ws_a_01.csv321,11
Cq_a_02.csv272,3
Mn_a_09.csv565,7
Cr_e_05.csv532,4
Ws_a_06.csv941,11
Cs_a_10.csv168,5
Ws_e_08.csv998,11
Cc_a_08.csv774,1
Cr_e_10.csv646,4
Cs_e_04.csv493,5
Cs_e_09.csv540,5
Cr_e_01.csv699,4
Bt_a_09.csv500,0
Cq_e_09.csv54,3
Mm_e_08.csv956,6
Cs_e_08.csv326,5
Pg_e_07.csv637,8
Cq_a_08.csv352,3
Pp_a_10.csv703,9
Ws_e_04.csv315,11
Mn_a_09.csv110,7
Sc_a_04.csv950,10
Cs_e_05.csv714,5
Sc_e_08.csv192,10
Cs_a_01.csv330,5
Pp_a_07.csv385,9
Ws_a_09.csv744,11
Cq_a_06.csv713,3
Cc_a_07.csv294,1
Pp_a_09.csv885,9
Bt_a_01.csv732,0
Mm_a_09.csv300,6
Cs_e_02.csv540,5
Cc_e_05.csv974,1
Pp_e_09.csv855,9
Cj_a_07.csv271,2
Bt_a_10.csv930,0
Bt_a_04.csv46,0
Cr_e_04.csv534,4
Ws_e_02.csv468,11
Cj_a_09.csv82,2
Pp_e_09.csv75,9
Pp_a_09.csv328,9
Mm_e_09.csv787,6
Mm_e_04.csv609,6
Sc_e_05.csv566,10
Bt_e_01.csv987,0
Cc_a_02.csv936,1
Sc_e_10.csv787,10
Sc_a_04.csv654,10
Pp_e_10.csv893,9
Pp_a_08.csv212,9
Ws_a_09.csv902,11
Sc_a_01.csv903,10
Pp_a_01.csv92,9
Cj_a_10.csv516,2
Cc_a_09.csv240,1
Cc_a_08.csv109,1
Bt_a_04.csv351,0
Cs_e_01.csv740,5
Mn_a_08.csv134,7
Pp_e_04.csv355,9
Mn_e_06.csv85,7
Mn_a_07.csv0,7
Ws_a_05.csv585,11
Pg_a_04.csv266,8
Ws_a_02.csv404,11
Mm_a_08.csv709,6
Bt_a_10.csv297,0
Cr_a_09.csv307,4
Cr_a_07.csv359,4
Mm_a_01.csv731,6
Cc_e_01.csv654,1
Sc_a_10.csv587,10
Mm_a_03.csv337,6
Cq_e_02.csv676,3
Cj_e_01.csv895,2
Pp_a_08.csv692,9
Mn_e_03.csv187,7
Mn_a_05.csv696,7
Cr_a_05.csv77,4
Pp_a_09.csv908,9
Pg_e_05.csv957,8
Bt_a_07.csv377,0
Cq_a_03.csv846,3
Cj_e_07.csv599,2
Cj_a_06.csv118,2
Sc_e_06.csv876,10
Cc_e_08.csv946,1
Bt_a_06.csv956,0
Bt_e_10.csv351,0
Cs_a_10.csv854,5
Cs_e_08.csv210,5
Cs_e_02.csv793,5
Bt_e_09.csv411,0
Cs_a_04.csv336,5
Cj_a_07.csv982,2
Cj_e_07.csv252,2
Pp_e_07.csv612,9
Sc_e_05.csv662,10
Cr_a_04.csv722,4
Sc_e_02.csv218,10
Mn_a_06.csv38,7
Mn_a_04.csv684,7
Cr_e_08.csv7,4
Bt_a_01.csv727,0
Ws_e_07.csv489,11
Ws_e_04.csv704,11
Ws_a_09.csv372,11
Cj_a_06.csv204,2
Ws_a_06.csv750,11
Sc_a_07.csv411,10
Pp_a_01.csv602,9
Cc_a_05.csv502,1
Sc_e_07.csv544,10
Cs_a_03.csv870,5
Mm_a_04.csv289,6
Sc_a_05.csv410,10
Mm_e_10.csv152,6
Sc_a_01.csv399,10
Cr_e_04.csv967,4
Bt_e_07.csv679,0
Ws_a_10.csv262,11
Cc_e_02.csv236,1
Cj_e_08.csv728,2
Ws_a_03.csv543,11
Cc_a_09.csv887,1
Mn_a_03.csv831,7
Mn_e_09.csv441,7
Cj_e_03.csv288,2
Ws_e_05.csv37,11
Bt_a_10.csv857,0
Cj_e_05.csv61,2
Cc_a_07.csv318,1
Cq_e_09.csv595,3
Cq_e_06.csv857,3
Pg_a_04.csv123,8
Cj_e_06.csv389,2
Pg_a_06.csv773,8
Mn_e_02.csv511,7
Cr_a_06.csv20,4
Cj_a_01.csv828,2
Cq_e_08.csv588,3
Cj_a_09.csv167,2
Cr_a_01.csv937,4
Pp_e_09.csv391,9
Pg_e_06.csv822,8
Pg_a_06.csv42,8
Pg_e_06.csv495,8
Cs_a_06.csv27,5
Sc_a_07.csv991,10
Cr_a_03.csv949,4
Bt_e_07.csv593,0
Cc_e_08.csv337,1
Ws_a_09.csv645,11
Cr_a_10.csv430,4
Cs_e_09.csv932,5
Pg_e_09.csv654,8
Cq_e_07.csv228,3
Mn_a_02.csv368,7
Bt_a_06.csv678,0
Cs_e_06.csv592,5
Bt_e_08.csv92,0
Pg_a_10.csv48,8
Pp_a_10.csv678,9
Cc_a_01.csv339,1
Pp_e_10.csv749,9
Cc_a_06.csv681,1
Cc_e_01.csv204,1
Bt_a_09.csv208,0
Cs_a_06.csv826,5
Pp_e_06.csv533,9
Mm_e_01.csv316,6
Pg_a_04.csv91,8
Mm_e_06.csv889,6
Mm_a_08.csv275,6
Pg_e_05.csv529,8
Pp_e_09.csv934,9
Mm_a_04.csv335,6
Bt_a_03.csv864,0
Cs_e_07.csv828,5
Ws_e_04.csv987,11
Pp_a_08.csv410,9
Mn_a_02.csv683,7
Bt_a_03.csv622,0
Cs_a_03.csv253,5
Mn_a_05.csv411,7
Pg_a_07.csv84,8
Cc_a_05.csv359,1
Cc_e_10.csv936,1
Cq_e_07.csv616,3
Mn_a_02.csv965,7
Cq_e_03.csv805,3
Sc_a_06.csv577,10
Cq_a_06.csv97,3
Cc_e_04.csv950,1
Sc_a_09.csv843,10
Bt_e_03.csv326,0
Bt_a_06.csv493,0
Ws_e_04.csv229,11
Sc_a_06.csv909,10
Mn_e_05.csv95,7
Pp_e_04.csv651,9
Cq_e_07.csv161,3
Cc_a_01.csv369,1
Cq_a_03.csv353,3
Cj_a_08.csv491,2
Cq_a_02.csv166,3
Mn_a_09.csv303,7
Cc_a_04.csv363,1
Cq_a_02.csv468,3
Pp_e_02.csv150,9
Bt_a_10.csv594,0
Mn_a_06.csv757,7
Pg_e_05.csv931,8
Cs_a_06.csv625,5
Cc_a_07.csv823,1
Cj_e_08.csv289,2
Sc_a_01.csv509,10
Cs_a_04.csv999,5
Cr_e_04.csv906,4
Mm_e_06.csv872,6
Pp_a_04.csv911,9
Pp_a_03.csv101,9
Mm_e_01.csv619,6
Mn_e_05.csv866,7
Cr_a_05.csv683,4
Pg_e_01.csv166,8
Mm_e_05.csv19,6
Mm_a_04.csv887,6
Mn_e_10.csv70,7
Pg_a_02.csv701,8
Cj_a_07.csv908,2
Ws_e_10.csv30,11
Sc_a_02.csv959,10
Pg_e_06.csv645,8
Mm_e_09.csv767,6
Bt_a_02.csv618,0
Cc_e_02.csv919,1
Ws_a_06.csv998,11
Bt_e_03.csv372,0
Pg_e_01.csv711,8
Cj_a_03.csv876,2
Bt_a_10.csv776,0
Cr_a_08.csv5,4
Cr_e_03.csv103,4
Ws_e_05.csv702,11
Bt_e_05.csv38,0
Cj_a_10.csv990,2
Cq_a_02.csv982,3
Cq_e_08.csv67,3
Cs_e_03.csv877,5
Mn_e_07.csv302,7
Cj_e_01.csv368,2
Cc_e_07.csv872,1
Cj_e_05.csv309,2
Cc_e_02.csv743,1
Pp_a_10.csv628,9
Cs_a_04.csv307,5
Pg_e_03.csv453,8
Cq_a_04.csv513,3
Sc_e_03.csv702,10
Sc_a_05.csv365,10
Bt_a_05.csv234,0
Cq_e_04.csv438,3
Cs_a_07.csv653,5
Cc_e_04.csv927,1
Mm_e_10.csv191,6
Bt_a_02.csv370,0
Mm_a_07.csv649,6
Cq_a_05.csv188,3
Cr_e_04.csv641,4
Sc_e_06.csv521,10
Bt_e_02.csv598,0
Mn_e_06.csv169,7
Cr_a_08.csv292,4
Sc_e_06.csv412,10
Cq_e_04.csv818,3
Cq_a_07.csv4,3
Mn_a_07.csv709,7
Cq_a_09.csv303,3
Cq_a_08.csv188,3
Cc_e_05.csv168,1
Cq_e_07.csv137,3
Cr_e_07.csv504,4
Bt_e_05.csv581,0
Ws_a_06.csv706,11
Mn_e_01.csv550,7
Sc_e_07.csv458,10
Mn_a_09.csv408,7
Cj_a_10.csv308,2
Mm_a_08.csv997,6
Sc_e_10.csv631,10
Cs_e_05.csv285,5
Cr_e_03.csv481,4
Pp_a_01.csv951,9
Pp_a_07.csv356,9
Cs_a_09.csv609,5
Pp_a_07.csv901,9
Mm_e_03.csv763,6
Pp_a_08.csv559,9
Pp_a_04.csv772,9
Mm_e_01.csv173,6
Cj_e_10.csv564,2
Sc_a_02.csv571,10
Cc_e_10.csv791,1
Cj_a_04.csv849,2
Sc_a_05.csv64,10
Sc_e_06.csv709,10
Mm_a_01.csv963,6
Cj_a_05.csv803,2
Cq_a_05.csv318,3
Pg_a_08.csv484,8
Cc_a_01.csv621,1
Mm_e_10.csv205,6
Pp_e_07.csv409,9
Pg_e_03.csv926,8
Mm_e_06.csv859,6
Sc_e_04.csv201,10
Bt_e_09.csv601,0
Pg_a_10.csv461,8
Cs_e_01.csv64,5
Pg_e_07.csv460,8
Sc_a_02.csv488,10
Cc_a_09.csv684,1
Pp_a_07.csv526,9
Cs_e_02.csv389,5
Bt_a_10.csv673,0
Cj_e_09.csv803,2
Mn_a_02.csv209,7
Cj_a_04.csv903,2
Ws_e_08.csv223,11
Cq_a_04.csv803,3
Pp_a_04.csv563,9
Cj_e_01.csv119,2
Cc_e_08.csv465,1
Ws_e_03.csv51,11
Cq_a_10.csv230,3
Cc_e_07.csv604,1
Mm_e_10.csv45,6
Ws_e_03.csv164,11
Ws_e_05.csv30,11
Cs_a_04.csv53,5
Cr_e_03.csv225,4
Ws_a_02.csv773,11
Pg_e_04.csv982,8
Bt_a_06.csv510,0
Bt_e_09.csv808,0
Cc_a_08.csv138,1
Sc_a_04.csv842,10
Sc_e_02.csv822,10
Sc_e_02.csv468,10
Mn_e_06.csv712,7
Cj_a_10.csv994,2
Cq_e_05.csv234,3
Cq_e_10.csv609,3
Cs_a_06.csv963,5
Ws_a_05.csv898,11
Cq_a_10.csv136,3
Cc_e_02.csv336,1
Pp_a_07.csv839,9
Cj_a_06.csv640,2
Cq_e_03.csv68,3
Cq_a_04.csv94,3
Cj_a_08.csv393,2
Sc_e_05.csv38,10
Ws_e_01.csv141,11
Pp_e_07.csv277,9
Ws_a_05.csv135,11
Cr_e_03.csv459,4
Mm_a_09.csv101,6
Ws_a_04.csv792,11
Mn_a_03.csv632,7
Bt_e_09.csv292,0
Cc_a_02.csv817,1
Cq_a_05.csv512,3
Bt_a_02.csv552,0
Mn_e_05.csv458,7
Pg_a_03.csv965,8
Mm_e_09.csv893,6
Sc_a_09.csv326,10
Pp_e_10.csv2,9
Pg_e_03.csv897,8
Mn_a_04.csv979,7
Pg_a_03.csv376,8
Bt_a_07.csv984,0
Pp_e_07.csv583,9
Cc_e_09.csv506,1
Ws_e_02.csv470,11
Cq_a_05.csv255,3
Pg_e_06.csv211,8
Cc_e_01.csv595,1
Cs_e_06.csv687,5
Ws_a_03.csv329,11
Mm_e_01.csv249,6
Cj_e_06.csv445,2
Cs_a_03.csv300,5
Cr_a_04.csv480,4
Cc_a_07.csv394,1
Mm_a_03.csv12,6
Cc_a_02.csv191,1
Cj_a_03.csv501,2
Cr_e_03.csv417,4
Pg_a_06.csv722,8
Pg_e_09.csv274,8
Pp_e_10.csv816,9
Pg_a_06.csv86,8
Cc_a_06.csv297,1
Cs_e_08.csv863,5
Bt_a_05.csv902,0
Pg_e_09.csv132,8
Cc_a_09.csv584,1
Cc_a_09.csv457,1
Sc_a_06.csv388,10
Cj_a_06.csv980,2
Bt_a_06.csv667,0
Pg_e_09.csv626,8
Pg_e_09.csv248,8
Ws_e_10.csv266,11
Mn_e_01.csv441,7
Cc_e_02.csv981,1
Mm_e_08.csv696,6
Bt_e_09.csv435,0
Cs_e_06.csv395,5
Cj_a_10.csv32,2
Ws_a_10.csv397,11
Sc_a_01.csv835,10
Mn_e_03.csv757,7
Cj_a_09.csv676,2
Cq_e_10.csv172,3
Mn_a_07.csv375,7
Cc_e_04.csv295,1
Ws_e_02.csv621,11
Cq_a_03.csv502,3
Mn_e_07.csv117,7
Cr_a_08.csv166,4
Cc_e_01.csv24,1
Ws_e_04.csv432,11
Mm_e_09.csv524,6
Cq_a_05.csv238,3
Pp_e_02.csv694,9
Cc_e_05.csv387,1
Pg_e_05.csv705,8
Ws_a_07.csv880,11
Cr_a_05.csv713,4
Cs_a_08.csv117,5
Ws_a_07.csv819,11
Bt_e_02.csv229,0
Pp_e_01.csv950,9
Cs_e_06.csv540,5
Cr_e_04.csv729,4
Pg_a_07.csv903,8
Ws_a_02.csv527,11
Cq_e_04.csv721,3
Mn_a_07.csv130,7
Mn_e_05.csv278,7
Sc_e_06.csv961,10
Pp_e_02.csv108,9
Cq_a_07.csv444,3
Cq_e_09.csv265,3
Pp_a_09.csv806,9
Sc_a_07.csv369,10
Pg_e_05.csv149,8
Ws_e_05.csv390,11
Mn_e_10.csv850,7
Mm_e_03.csv76,6
Cs_e_07.csv779,5
Mn_e_09.csv533,7
Bt_a_02.csv438,0
Sc_a_09.csv890,10
Cr_e_09.csv729,4
Cr_a_05.csv383,4
Cc_e_01.csv291,1
Bt_e_04.csv216,0
Cs_a_01.csv607,5
Cs_e_09.csv400,5
Sc_e_06.csv905,10
Pp_a_06.csv150,9
Cj_e_03.csv2,2
Pg_e_03.csv884,8
Pg_a_07.csv272,8
Mn_a_08.csv48,7
Ws_a_02.csv691,11
Cs_e_03.csv431,5
Ws_e_04.csv428,11
Cr_a_05.csv647,4
Sc_a_01.csv407,10
Mn_a_08.csv663,7
Cc_a_09.csv476,1
Ws_e_01.csv205,11
Pg_e_02.csv131,8
Cq_a_01.csv903,3
Cs_a_09.csv71,5
Mm_e_02.csv754,6
Cs_e_04.csv359,5
Cr_a_04.csv808,4
Cq_a_07.csv551,3
Cc_e_09.csv993,1
Cc_e_07.csv320,1
Bt_a_05.csv951,0
Cj_a_01.csv304,2
Ws_e_04.csv687,11
Cs_a_10.csv678,5
Bt_a_01.csv563,0
Cq_e_05.csv330,3
Cs_a_03.csv174,5
Mn_a_07.csv596,7
Bt_e_06.csv719,0
Cs_a_07.csv255,5
Mn_a_03.csv915,7
Bt_a_08.csv260,0
Sc_e_02.csv558,10
Cs_e_09.csv536,5
Cr_a_01.csv202,4
Cs_e_04.csv285,5
Cr_a_01.csv22,4
Cj_e_06.csv476,2
Cq_e_08.csv113,3
Cc_e_04.csv28,1
Ws_e_07.csv224,11
Pp_a_07.csv373,9
Cs_e_01.csv126,5
Cj_a_04.csv338,2
Cs_a_01.csv119,5
Sc_a_07.csv731,10
Cs_a_05.csv59,5
Cs_a_01.csv831,5
Cc_a_07.csv206,1
Bt_a_04.csv239,0
Bt_a_10.csv372,0
Mn_a_10.csv749,7
Bt_a_08.csv236,0
Cj_e_05.csv221,2
Cr_a_09.csv288,4
Ws_a_08.csv916,11
Mm_e_08.csv677,6
Bt_e_01.csv492,0
Mn_a_02.csv999,7
Cc_e_01.csv88,1
Sc_a_08.csv821,10
Bt_e_09.csv458,0
Pp_a_08.csv527,9
Mm_e_07.csv782,6
Pg_e_05.csv327,8
Pg_a_07.csv940,8
Cq_e_09.csv891,3
Pp_e_07.csv305,9
Cq_a_02.csv924,3
Pp_a_10.csv67,9
Cq_a_07.csv331,3
Cc_e_10.csv85,1
Cj_a_05.csv241,2
Cr_e_04.csv196,4
Cq_a_04.csv439,3
Cs_e_06.csv712,5
Ws_e_04.csv797,11
Cj_a_02.csv343,2
Mm_e_04.csv766,6
Sc_e_10.csv911,10
Cj_a_03.csv942,2
Ws_a_07.csv357,11
Cj_a_01.csv88,2
Mm_e_03.csv146,6
Pp_e_06.csv37,9
Cq_a_06.csv599,3
Cq_e_06.csv53,3
Cs_e_01.csv742,5
Mm_e_09.csv943,6
Cj_e_05.csv62,2
Mn_a_05.csv343,7
Cr_e_06.csv449,4
Cr_a_01.csv625,4
Cj_e_07.csv789,2
Pg_a_07.csv308,8
Cc_a_01.csv489,1
Ws_a_10.csv808,11
Cj_a_04.csv38,2
Ws_e_06.csv419,11
Cj_a_07.csv469,2
Cs_e_01.csv206,5
Sc_a_01.csv937,10
Sc_a_08.csv70,10
Cq_e_01.csv30,3
Cs_a_04.csv744,5
Cj_a_08.csv586,2
Pp_a_09.csv907,9
Cj_e_02.csv850,2
Cs_e_06.csv934,5
Cr_e_06.csv72,4
Cs_a_06.csv839,5
Cq_a_07.csv619,3
Mm_a_03.csv685,6
Ws_a_01.csv644,11
Bt_e_05.csv570,0
Cs_e_03.csv736,5
Cj_e_07.csv225,2
Cc_a_06.csv929,1
Bt_e_08.csv515,0
Mm_e_05.csv80,6
Sc_a_10.csv852,10
Cj_a_05.csv769,2
Sc_e_04.csv445,10
Mn_e_01.csv511,7
Mn_a_06.csv731,7
Cj_e_07.csv337,2
Cs_e_02.csv163,5
Bt_a_08.csv397,0
Mn_e_02.csv919,7
Pg_a_06.csv861,8
Mm_e_03.csv625,6
Sc_a_03.csv439,10
Ws_e_06.csv915,11
Sc_a_05.csv234,10
Pg_a_05.csv220,8
Cc_e_03.csv838,1
Mm_e_06.csv775,6
Cr_e_06.csv251,4
Cq_e_02.csv486,3
Sc_a_03.csv827,10
Cr_e_02.csv732,4
Bt_e_04.csv318,0
Mn_e_09.csv109,7
Pg_a_05.csv20,8
Sc_e_02.csv373,10
Bt_e_07.csv63,0
Pg_e_02.csv553,8
Mn_e_06.csv211,7
Ws_e_08.csv695,11
Mm_e_02.csv729,6
Ws_e_03.csv155,11
Cc_e_07.csv608,1
Cj_a_01.csv461,2
Cj_e_08.csv849,2
Cj_e_05.csv613,2
Cj_e_09.csv644,2
Cq_e_03.csv225,3
Cc_a_05.csv532,1
Cc_a_02.csv656,1
Ws_a_03.csv101,11
Cq_a_08.csv843,3
Cr_a_06.csv242,4
Mn_a_01.csv509,7
Pp_e_04.csv727,9
Cr_e_07.csv835,4
Cr_a_05.csv817,4
Cc_e_09.csv984,1
Cs_e_05.csv14,5
Cr_e_08.csv907,4
Mn_a_09.csv503,7
Cj_e_10.csv26,2
Cj_a_09.csv597,2
Cr_e_10.csv931,4
Pp_a_08.csv414,9
Sc_a_04.csv92,10
Bt_e_06.csv83,0
Pg_a_07.csv458,8
Pp_e_09.csv844,9
Cj_a_03.csv962,2
Pg_e_07.csv782,8
Cs_a_08.csv558,5
Cq_a_09.csv725,3
Mm_e_06.csv689,6
Cj_e_03.csv850,2
Mn_e_08.csv386,7
Mm_e_06.csv423,6
Cs_a_08.csv531,5
Cr_e_01.csv843,4
Cr_e_02.csv545,4
Pp_a_04.csv933,9
Mn_e_10.csv221,7
Cs_e_09.csv344,5
Cq_e_02.csv634,3
Cc_e_09.csv901,1
Bt_a_05.csv732,0
Sc_e_03.csv844,10
Ws_a_05.csv553,11
Bt_e_06.csv539,0
Ws_e_10.csv2,11
Sc_a_09.csv654,10
Ws_e_08.csv306,11
Bt_e_02.csv53,0
Cj_e_05.csv354,2
Cr_e_08.csv935,4
Cr_e_05.csv185,4
Sc_e_03.csv14,10
Mm_a_04.csv334,6
Mn_a_02.csv263,7
Sc_e_03.csv315,10
Bt_a_06.csv755,0
Mn_a_08.csv317,7
Ws_a_07.csv15,11
Cq_a_08.csv391,3
Cj_a_08.csv27,2
Pg_e_03.csv249,8
Cj_e_01.csv497,2
Mn_e_09.csv659,7
Mm_a_05.csv433,6
Bt_e_07.csv207,0
Bt_e_08.csv175,0
Ws_e_03.csv19,11
Cq_a_01.csv902,3
Pp_a_04.csv381,9
Cs_e_01.csv541,5
Cj_a_08.csv190,2
Cj_e_02.csv535,2
Cq_e_05.csv229,3
Cc_e_10.csv250,1
Mn_e_02.csv360,7
Mn_a_04.csv403,7
Cr_e_01.csv130,4
Sc_a_06.csv964,10
Cq_a_08.csv251,3
Pg_e_08.csv989,8
Pp_e_07.csv332,9
Cj_a_10.csv397,2
Bt_e_09.csv523,0
Cs_e_07.csv209,5
Mm_a_02.csv896,6
Mm_a_05.csv202,6
Cs_a_09.csv504,5
Pg_a_01.csv211,8
Cj_a_09.csv598,2
Cq_a_07.csv41,3
Ws_a_05.csv665,11
Pp_e_01.csv519,9
Sc_e_10.csv195,10
Cs_a_01.csv697,5
Cr_a_05.csv806,4
Pp_e_08.csv396,9
Ws_a_10.csv692,11
Cj_a_10.csv133,2
Sc_a_10.csv342,10
Cr_a_04.csv47,4
Sc_e_08.csv185,10
Cr_a_06.csv665,4
Ws_a_08.csv616,11
Cc_a_06.csv745,1
Ws_a_04.csv593,11
Mn_a_02.csv499,7
Cs_a_08.csv798,5
Pg_a_08.csv311,8
Cc_a_05.csv81,1
Ws_a_08.csv794,11
Pp_e_01.csv388,9
Bt_e_05.csv568,0
Pp_e_08.csv519,9
Sc_e_01.csv60,10
Sc_e_01.csv423,10
Cj_a_10.csv426,2
Bt_a_03.csv662,0
Sc_a_04.csv663,10
Bt_a_02.csv18,0
Ws_a_07.csv677,11
Sc_e_04.csv165,10
Sc_a_02.csv445,10
Mm_e_01.csv865,6
Sc_e_08.csv799,10
Cj_e_02.csv4,2
Cs_e_07.csv87,5
Cq_a_02.csv672,3
Sc_e_04.csv453,10
Cj_e_10.csv271,2
Mm_e_05.csv253,6
Ws_a_02.csv656,11
Cr_e_01.csv208,4
Ws_a_01.csv545,11
Pg_e_08.csv236,8
Mn_a_10.csv373,7
Pp_a_03.csv209,9
Cc_a_05.csv725,1
Cs_a_07.csv372,5
Pp_e_09.csv514,9
Cq_e_03.csv548,3
Cq_e_05.csv546,3
Cj_a_06.csv791,2
Mm_a_02.csv194,6
Cr_e_10.csv584,4
Mm_e_02.csv356,6
Mn_a_06.csv820,7
Pp_e_06.csv704,9
Ws_e_05.csv998,11
Cr_a_02.csv338,4
Cc_e_06.csv889,1
Bt_e_05.csv654,0
Sc_e_08.csv572,10
Cj_e_08.csv624,2
Mn_e_05.csv452,7
Cj_e_01.csv377,2
Pg_a_03.csv788,8
Cj_e_09.csv143,2
Cq_a_08.csv166,3
Bt_a_07.csv703,0
Mn_a_06.csv894,7
Ws_a_02.csv345,11
Bt_e_07.csv609,0
Cr_a_06.csv507,4
Mm_e_10.csv309,6
Mm_a_08.csv112,6
Cr_e_05.csv172,4
Pp_a_04.csv938,9
Pp_e_10.csv302,9
Cr_e_06.csv117,4
Mm_a_10.csv236,6
Cc_e_05.csv393,1
Cj_a_01.csv675,2
Cj_a_05.csv245,2
Cr_a_02.csv108,4
Cc_a_05.csv342,1
Cc_e_10.csv352,1
Ws_a_03.csv72,11
Cq_e_08.csv204,3
Cr_e_06.csv465,4
Cr_e_04.csv332,4
Cj_a_07.csv916,2
Cq_a_02.csv470,3
Mn_e_03.csv926,7
Sc_a_03.csv272,10
Cc_a_05.csv300,1
Mn_e_01.csv572,7
Mm_e_01.csv445,6
Bt_a_03.csv221,0
Sc_e_08.csv740,10
Pp_e_01.csv830,9
Ws_a_02.csv201,11
Pp_e_09.csv346,9
Cc_e_07.csv628,1
Mm_a_04.csv575,6
Pg_a_07.csv513,8
Mn_e_03.csv294,7
Mn_e_08.csv277,7
Pp_e_07.csv551,9
Sc_e_04.csv56,10
Bt_a_08.csv503,0
Cj_a_01.csv422,2
Mm_e_06.csv626,6
Cs_a_09.csv716,5
Cq_a_03.csv584,3
Mm_e_02.csv666,6
Cc_e_10.csv145,1
Sc_e_03.csv597,10
Cs_a_08.csv596,5
Pg_e_07.csv140,8
Sc_e_10.csv457,10
Cj_e_05.csv396,2
Sc_e_02.csv837,10
Sc_a_08.csv600,10
Mn_e_06.csv708,7
Cr_e_07.csv139,4
Ws_a_07.csv587,11
Mn_a_03.csv0,7
Cr_a_08.csv127,4
Cq_a_08.csv809,3
Cr_e_07.csv815,4
Cr_a_09.csv577,4
Pg_a_04.csv24,8
Bt_a_09.csv869,0
Pp_a_09.csv909,9
Cr_a_06.csv517,4
Pp_a_03.csv100,9
Mn_a_05.csv5,7
Ws_a_08.csv273,11
Cq_e_04.csv539,3
Cj_e_09.csv708,2
Cs_e_06.csv618,5
Cj_e_02.csv371,2
Bt_e_07.csv187,0
Cj_e_02.csv364,2
Mn_a_07.csv217,7
Cq_a_04.csv721,3
Ws_a_08.csv251,11
Cj_e_03.csv157,2
Cr_a_07.csv375,4
Cr_a_10.csv429,4
Cs_a_08.csv880,5
Sc_a_09.csv44,10
Sc_e_08.csv600,10
Cc_a_08.csv709,1
Cs_e_03.csv273,5
Pg_e_03.csv256,8
Mn_e_08.csv534,7
Bt_a_04.csv758,0
Mm_a_02.csv225,6
Cj_a_10.csv927,2
Cs_e_03.csv116,5
Cq_e_08.csv135,3
Cj_e_10.csv891,2
Mn_a_06.csv280,7
Mn_e_05.csv322,7
Cs_e_02.csv337,5
Cs_a_03.csv882,5
Mm_e_08.csv479,6
Pp_a_01.csv553,9
Sc_e_07.csv303,10
Ws_e_01.csv559,11
Mm_e_02.csv185,6
Pg_a_04.csv841,8
Mm_e_05.csv970,6
Cr_a_05.csv224,4
Sc_e_06.csv620,10
Cc_a_04.csv424,1
Cq_e_09.csv296,3
Cj_a_06.csv720,2
Cr_a_06.csv436,4
Bt_e_03.csv135,0
Cs_e_03.csv441,5
Ws_e_08.csv860,11
Mn_a_03.csv398,7
Ws_e_08.csv732,11
Bt_a_08.csv511,0
Ws_a_03.csv77,11
Pp_e_06.csv60,9
Cc_a_09.csv732,1
Mn_a_08.csv137,7
Mn_a_01.csv305,7
Cs_e_09.csv723,5
Pp_e_04.csv328,9
Cr_e_09.csv551,4
Mn_e_08.csv530,7
Mn_a_01.csv650,7
Mn_e_06.csv580,7
Pg_e_03.csv233,8
Mm_a_02.csv277,6
Mn_a_06.csv982,7
Ws_a_06.csv564,11
Cs_a_05.csv394,5
Pg_e_06.csv849,8
Cc_e_04.csv122,1
Cc_a_01.csv235,1
Mm_e_07.csv930,6
Cq_e_10.csv348,3
Cj_a_06.csv515,2
Mm_a_05.csv932,6
Mn_e_09.csv121,7
Cs_a_08.csv863,5
Cq_e_09.csv52,3
Mn_e_05.csv236,7
Bt_a_04.csv784,0
Cj_a_09.csv174,2
Cq_a_04.csv545,3
Cs_e_07.csv749,5
Cs_a_04.csv994,5
Cr_a_09.csv760,4
Bt_e_07.csv765,0
Ws_a_10.csv114,11
Bt_e_09.csv740,0
Pg_e_03.csv645,8
Cr_e_01.csv711,4
Mm_e_03.csv604,6
Pp_a_09.csv900,9
Sc_e_01.csv723,10
Bt_e_01.csv579,0
Pp_a_01.csv827,9
Mm_e_08.csv712,6
Mm_a_10.csv852,6
Bt_e_03.csv730,0
Bt_e_05.csv159,0
Bt_e_08.csv271,0
Ws_a_04.csv821,11
Mn_e_01.csv722,7
Mm_e_08.csv600,6
Ws_a_03.csv353,11
Cr_a_10.csv201,4
Cq_a_09.csv760,3
Bt_a_10.csv693,0
Pp_e_07.csv601,9
Cr_e_09.csv205,4
Cs_a_09.csv59,5
Pp_a_08.csv21,9
Cj_a_05.csv175,2
Bt_a_03.csv139,0
Ws_a_07.csv466,11
Cr_e_02.csv877,4
Pp_e_04.csv338,9
Sc_a_06.csv233,10
Ws_a_05.csv927,11
Sc_a_03.csv288,10
Cj_e_05.csv628,2
Bt_a_07.csv788,0
Cq_e_01.csv639,3
Cq_e_07.csv372,3
Cs_a_01.csv502,5
Bt_a_07.csv706,0
Cc_a_09.csv723,1
Cc_a_08.csv671,1
Pg_a_03.csv498,8
Cs_a_01.csv105,5
Cq_e_05.csv550,3
Cq_a_01.csv719,3
Mm_e_01.csv771,6
Cj_a_05.csv502,2
Bt_a_07.csv666,0
Pg_e_08.csv93,8
Cs_e_04.csv687,5
Cc_e_07.csv615,1
Cj_a_08.csv999,2
Cs_e_02.csv398,5
Cq_e_07.csv400,3
Cj_e_05.csv241,2
Sc_a_06.csv19,10
Ws_e_06.csv372,11
Cc_a_01.csv159,1
Mn_a_10.csv256,7
Cs_e_08.csv749,5
Ws_a_03.csv954,11
Cq_a_01.csv826,3
Sc_e_08.csv78,10
Sc_e_06.csv111,10
Cr_a_01.csv999,4
Cs_a_09.csv969,5
Pg_a_07.csv140,8
Cs_a_09.csv992,5
Cq_a_07.csv576,3
Bt_a_05.csv986,0
Cs_e_05.csv750,5
Cq_a_06.csv623,3
Mm_a_04.csv733,6
Ws_e_03.csv14,11
Sc_e_04.csv922,10
Cj_e_03.csv205,2
Mn_e_09.csv481,7
Pg_a_10.csv202,8
Cj_a_05.csv413,2
Mm_e_08.csv685,6
Pg_a_04.csv773,8
Pg_a_05.csv834,8
Cj_e_09.csv594,2
Pp_e_02.csv396,9
Cs_e_08.csv991,5
Mm_a_05.csv617,6
Mn_a_04.csv523,7
Pp_a_06.csv854,9
Cc_a_02.csv116,1
Pp_e_01.csv521,9
Mm_a_02.csv862,6
Ws_e_10.csv309,11
Mm_e_04.csv321,6
Mm_a_07.csv129,6
Mm_a_08.csv769,6
Mn_a_10.csv585,7
Cr_e_01.csv778,4
Pp_e_07.csv307,9
Cs_e_01.csv280,5
Mm_a_03.csv638,6
Cq_e_02.csv924,3
Cs_a_10.csv55,5
Cs_e_02.csv39,5
Cc_a_02.csv348,1
Ws_e_05.csv350,11
Cj_a_08.csv576,2
Cc_e_09.csv186,1
Cj_a_08.csv607,2
Mn_e_08.csv954,7
Pp_e_03.csv310,9
Mm_a_10.csv167,6
Mn_e_01.csv508,7
Ws_e_04.csv552,11
Sc_e_02.csv980,10
Mm_a_05.csv795,6
Pg_e_06.csv366,8
Cj_a_07.csv423,2
Mm_e_07.csv899,6
Pg_e_09.csv914,8
Cc_e_08.csv60,1
Sc_e_04.csv520,10
Cc_e_03.csv924,1
Pg_a_04.csv203,8
Mn_e_09.csv599,7
Cs_e_05.csv545,5
Cs_e_04.csv448,5
Pg_a_08.csv951,8
Cs_a_04.csv649,5
Cj_e_01.csv682,2
Pp_e_07.csv120,9
Cj_e_02.csv707,2
Mm_a_10.csv282,6
Cc_e_04.csv564,1
Mm_e_06.csv128,6
Sc_e_07.csv290,10
Pp_e_01.csv109,9
Ws_a_05.csv371,11
Bt_e_02.csv803,0
Bt_e_03.csv60,0
Mm_a_01.csv549,6
Mm_a_10.csv3,6
Pg_a_02.csv233,8
Mn_a_08.csv349,7
Cr_e_04.csv953,4
Pp_e_04.csv148,9
Mn_a_01.csv11,7
Cq_a_08.csv304,3
Mm_e_10.csv874,6
Mn_e_01.csv291,7
Cj_e_06.csv303,2
Sc_e_07.csv381,10
Pp_e_08.csv390,9
Mm_e_09.csv864,6
Ws_a_09.csv368,11
Pg_e_08.csv773,8
Ws_e_06.csv726,11
Ws_a_04.csv890,11
Cr_a_01.csv450,4
Cq_a_01.csv372,3
Cc_a_07.csv936,1
Pg_e_08.csv286,8
Mn_a_04.csv819,7
Pg_a_07.csv978,8
Mm_a_07.csv814,6
Cr_e_03.csv837,4
Mn_a_10.csv903,7
Mn_a_04.csv522,7
Cj_a_02.csv497,2
Cr_a_05.csv872,4
Mn_a_05.csv389,7
Cr_e_02.csv554,4
Ws_e_04.csv960,11
Sc_e_06.csv502,10
Pp_e_07.csv632,9
Mm_e_03.csv296,6
Pg_e_07.csv202,8
Mn_a_07.csv545,7
Pg_e_01.csv102,8
Cr_a_03.csv934,4
Cq_a_06.csv929,3
Pp_a_01.csv287,9
Cr_a_01.csv900,4
Sc_a_06.csv727,10
Mn_a_04.csv758,7
Cc_e_01.csv734,1
Cj_a_06.csv320,2
Cc_a_07.csv125,1
Cq_a_03.csv774,3
Ws_a_05.csv192,11
Cs_a_06.csv816,5
Ws_a_04.csv897,11
Cq_e_06.csv897,3
Mn_e_07.csv59,7
Cr_e_04.csv133,4
Cc_a_07.csv595,1
Cr_a_10.csv713,4
Cq_e_08.csv20,3
Bt_a_03.csv147,0
Ws_a_06.csv135,11
Pg_e_03.csv492,8
Cj_e_03.csv568,2
Pg_e_02.csv142,8
Mm_a_07.csv338,6
Cc_e_03.csv407,1
Cc_a_07.csv341,1
Cq_a_01.csv470,3
Cc_e_06.csv868,1
Cs_a_03.csv119,5
Cj_a_06.csv809,2
Cr_e_03.csv827,4
Cr_e_03.csv356,4
Bt_a_08.csv950,0
Cq_e_02.csv63,3
Sc_e_08.csv782,10
Mn_e_01.csv890,7
Pp_e_03.csv904,9
Mm_a_03.csv5,6
Mm_e_05.csv606,6
Cs_e_08.csv346,5
Cr_a_05.csv334,4
Mn_a_10.csv310,7
Cs_a_10.csv504,5
Cj_a_04.csv511,2
Cr_e_05.csv475,4
Mn_a_04.csv436,7
Cr_a_10.csv367,4
Cs_a_07.csv153,5
Mn_e_10.csv506,7
Bt_e_05.csv871,0
Pg_e_09.csv904,8
Ws_a_07.csv393,11
Cc_a_09.csv79,1
Cs_e_01.csv24,5
Cr_a_05.csv246,4
Ws_e_10.csv602,11
Ws_e_06.csv7,11
Cs_e_05.csv757,5
Ws_e_04.csv367,11
Cj_a_01.csv183,2
Pp_a_03.csv980,9
Cc_a_01.csv721,1
Cr_a_04.csv784,4
Bt_e_06.csv525,0
Pp_e_02.csv510,9
Mm_a_02.csv169,6
Cr_e_08.csv296,4
Mn_a_09.csv833,7
Cc_a_06.csv542,1
Mn_a_07.csv219,7
Ws_e_07.csv207,11
Sc_e_03.csv569,10
Cc_a_08.csv442,1
Cr_e_10.csv233,4
Mn_a_04.csv465,7
Bt_a_02.csv290,0
Pg_a_08.csv759,8
Ws_a_03.csv393,11
Mn_e_02.csv342,7
Sc_e_02.csv645,10
Cj_e_06.csv939,2
Cq_a_03.csv125,3
Mm_a_08.csv889,6
Ws_e_08.csv262,11
Sc_a_10.csv874,10
Cr_a_04.csv493,4
Cq_a_05.csv973,3
Sc_a_04.csv170,10
Bt_a_03.csv373,0
Cj_e_06.csv611,2
Ws_e_08.csv578,11
Cc_e_08.csv395,1
Mm_e_07.csv710,6
Cq_a_10.csv669,3
Mm_a_10.csv788,6
Cj_e_03.csv815,2
Cq_e_02.csv819,3
Mn_a_10.csv525,7
Pp_e_04.csv435,9
Cj_a_09.csv117,2
Cj_a_08.csv219,2
Ws_a_08.csv151,11
Cs_a_03.csv963,5
Sc_a_05.csv757,10
Sc_a_07.csv806,10
Sc_e_02.csv323,10
Mm_a_02.csv465,6
Cq_a_09.csv811,3
Cq_e_10.csv214,3
Cr_e_09.csv166,4
Cr_a_01.csv782,4
Pp_e_06.csv328,9
Pp_a_08.csv813,9
Pp_e_06.csv32,9
Pg_e_08.csv942,8
Pg_e_02.csv909,8
Mn_a_02.csv935,7
Cs_a_06.csv772,5
Pp_a_10.csv756,9
Cr_a_03.csv191,4
Cs_e_01.csv993,5
Cq_a_10.csv827,3
Cj_a_09.csv889,2
Cc_e_04.csv54,1
Pp_e_06.csv108,9
Cc_e_06.csv151,1
Cc_a_05.csv356,1
Cr_e_10.csv516,4
Ws_a_09.csv720,11
Bt_e_03.csv339,0
Cq_a_03.csv949,3
Cq_e_06.csv936,3
Mn_e_06.csv677,7
Sc_e_10.csv714,10
Cs_a_03.csv38,5
Cc_e_04.csv121,1
Pp_a_06.csv496,9
Pg_e_07.csv654,8
Bt_e_04.csv694,0
Mm_e_02.csv421,6
Cj_e_02.csv606,2
Mm_e_04.csv782,6
Cr_a_03.csv515,4
Cs_a_08.csv406,5
Cj_a_02.csv891,2
Pg_a_02.csv890,8
Pp_a_06.csv665,9
Cq_a_05.csv438,3
Bt_a_01.csv63,0
Mn_e_01.csv956,7
Cq_a_08.csv941,3
Bt_e_01.csv101,0
Mm_e_02.csv203,6
Mn_a_03.csv974,7
Cr_a_02.csv131,4
Mm_a_05.csv469,6
Mn_a_08.csv275,7
Cj_e_02.csv306,2
Mm_e_09.csv697,6
Cr_a_10.csv377,4
Cs_a_06.csv971,5
Bt_a_09.csv393,0
Pp_e_03.csv447,9
Pg_e_02.csv191,8
Cr_e_02.csv770,4
Cc_a_05.csv622,1
Cr_e_10.csv568,4
Cq_a_10.csv947,3
Pg_a_01.csv707,8
Pp_e_03.csv139,9
Cc_e_10.csv27,1
Sc_e_02.csv771,10
Cr_e_06.csv195,4
Mn_e_08.csv879,7
Cc_e_06.csv99,1
Cq_e_05.csv780,3
Sc_a_07.csv673,10
Bt_a_05.csv28,0
Mm_a_06.csv468,6
Cq_e_04.csv750,3
Bt_e_03.csv790,0
Cr_e_08.csv875,4
Cj_e_03.csv433,2
Mn_a_04.csv950,7
Bt_e_04.csv540,0
Cs_a_01.csv809,5
Pp_e_06.csv965,9
Mn_a_03.csv686,7
Bt_e_04.csv477,0
Cc_a_04.csv373,1
Sc_a_01.csv590,10
Cs_a_03.csv770,5
Pp_a_06.csv426,9
Cq_a_01.csv410,3
Cr_a_05.csv546,4
Cj_e_02.csv348,2
Pg_e_03.csv626,8
Pp_e_03.csv704,9
Pg_a_03.csv487,8
Cj_a_04.csv766,2
Cj_e_03.csv550,2
Cj_a_08.csv625,2
Mn_e_03.csv194,7
Cc_a_04.csv193,1
Cc_a_04.csv142,1
Cj_e_01.csv644,2
Cr_a_04.csv347,4
Bt_e_03.csv334,0
Bt_a_05.csv54,0
Sc_a_07.csv108,10
Pg_a_03.csv243,8
Cs_a_01.csv769,5
Cj_a_04.csv513,2
Cq_e_06.csv229,3
Cq_a_05.csv555,3
Mm_e_10.csv584,6
Cq_e_10.csv733,3
Cj_e_09.csv459,2
Pg_a_01.csv889,8
Cr_a_05.csv859,4
Sc_e_10.csv338,10
Pg_e_06.csv324,8
Sc_a_06.csv814,10
Cj_e_06.csv274,2
Sc_a_09.csv944,10
Cq_e_05.csv75,3
Sc_a_07.csv297,10
Cj_a_05.csv489,2
Pp_a_04.csv873,9
Mn_a_07.csv577,7
Cq_e_05.csv90,3
Pg_a_08.csv273,8
Sc_a_02.csv790,10
Bt_a_02.csv799,0
Pg_a_06.csv229,8
Mn_a_08.csv132,7
Cr_a_10.csv277,4
Cq_e_08.csv771,3
Ws_e_10.csv429,11
Mn_e_07.csv571,7
Cc_e_04.csv581,1
Sc_a_10.csv191,10
Cq_e_06.csv198,3
Bt_e_04.csv408,0
Pp_e_08.csv238,9
Mm_e_07.csv485,6
Cr_a_01.csv891,4
Cq_a_01.csv551,3
Cq_e_01.csv658,3
Pg_a_05.csv894,8
Pp_e_06.csv337,9
Cj_a_05.csv766,2
Mn_e_05.csv311,7
Ws_a_09.csv552,11
Mn_e_08.csv861,7
Cc_e_08.csv393,1
Ws_e_01.csv323,11
Ws_e_03.csv964,11
Bt_a_06.csv924,0
Mn_e_08.csv431,7
Mn_a_01.csv241,7
Mm_e_05.csv719,6
Mm_a_07.csv972,6
Mm_e_06.csv442,6
Cr_a_07.csv827,4
Cc_e_04.csv933,1
Pp_e_08.csv215,9
Ws_a_07.csv994,11
Pg_e_04.csv729,8
Ws_e_04.csv339,11
Cq_a_02.csv177,3
Pp_a_08.csv843,9
Cr_e_10.csv837,4
Sc_a_05.csv776,10
Bt_e_09.csv621,0
Bt_a_04.csv860,0
Cc_a_05.csv539,1
Cj_a_06.csv524,2
Mm_a_06.csv947,6
Cc_e_10.csv421,1
Mn_e_06.csv171,7
Cc_e_05.csv37,1
Cq_e_04.csv379,3
Ws_a_02.csv627,11
Ws_a_05.csv907,11
Bt_a_08.csv922,0
Mn_a_10.csv659,7
Mm_e_08.csv904,6
Mm_a_04.csv156,6
Cr_a_04.csv776,4
Cr_a_03.csv464,4
Pg_e_07.csv917,8
Cq_e_06.csv332,3
Pg_e_03.csv593,8
Cj_a_07.csv620,2
Cr_e_02.csv567,4
Cc_a_04.csv690,1
Mn_e_09.csv376,7
Cc_e_09.csv567,1
Ws_e_02.csv671,11
Mn_a_07.csv357,7
Mm_a_03.csv498,6
Mm_e_07.csv135,6
Ws_e_05.csv100,11
Cj_e_08.csv214,2
Bt_e_01.csv176,0
Cr_e_06.csv469,4
Mn_a_09.csv498,7
Pg_a_06.csv81,8
Cq_a_10.csv255,3
Mm_a_03.csv17,6
Pg_a_01.csv214,8
Mm_e_03.csv484,6
Pg_e_06.csv939,8
Bt_e_06.csv45,0
Ws_a_04.csv41,11
Cr_a_02.csv73,4
Cq_a_08.csv820,3
Cr_e_05.csv590,4
Cq_a_07.csv964,3
Bt_a_06.csv208,0
Cs_e_06.csv491,5
Pp_a_01.csv167,9
Pp_e_03.csv515,9
Ws_e_02.csv518,11
Cc_e_06.csv587,1
Pg_e_04.csv193,8
Pp_e_07.csv875,9
Pg_a_06.csv71,8
Ws_a_10.csv709,11
Cc_e_02.csv284,1
Cs_e_07.csv599,5
Bt_a_06.csv737,0
Mn_e_07.csv698,7
Pp_a_03.csv155,9
Bt_e_08.csv404,0
Cc_e_02.csv382,1
Bt_e_10.csv706,0
Sc_e_04.csv932,10
Mm_e_03.csv723,6
Cs_a_04.csv135,5
Cj_e_09.csv729,2
Cr_a_10.csv333,4
Mm_a_05.csv159,6
Cr_a_10.csv426,4
Cr_e_04.csv585,4
Cr_a_06.csv701,4
Pg_a_10.csv708,8
Cc_a_01.csv251,1
Bt_e_07.csv583,0
Cj_a_09.csv136,2
Cq_a_10.csv816,3
Cq_a_07.csv83,3
Cj_e_09.csv715,2
Cj_a_03.csv538,2
Pg_e_07.csv714,8
Sc_a_04.csv945,10
Cc_a_08.csv154,1
Pp_a_07.csv928,9
Mn_a_08.csv990,7
Cs_a_10.csv573,5
Bt_a_07.csv777,0
Mn_a_06.csv646,7
Cs_a_05.csv308,5
Pg_e_09.csv237,8
Cc_e_07.csv8,1
Cc_e_09.csv70,1
Ws_e_02.csv430,11
Bt_a_06.csv75,0
Mn_e_07.csv884,7
Sc_e_01.csv142,10
Pp_e_08.csv254,9
Sc_e_05.csv991,10
Bt_a_08.csv485,0
Sc_e_10.csv380,10
Cs_a_10.csv252,5
Ws_a_10.csv283,11
Ws_e_10.csv655,11
Pg_a_10.csv443,8
Pg_a_07.csv733,8
Cq_e_06.csv620,3
Sc_a_07.csv35,10
Cq_a_05.csv262,3
Mm_e_03.csv442,6
Mm_a_09.csv825,6
Cj_e_10.csv302,2
Mm_e_06.csv450,6
Pg_a_05.csv852,8
Cr_e_05.csv890,4
Bt_a_03.csv731,0
Mn_e_03.csv911,7
Pg_a_09.csv67,8
Cs_a_10.csv260,5
Pg_e_04.csv655,8
Pg_a_03.csv282,8
Cj_a_07.csv64,2
Ws_e_06.csv570,11
Pp_a_03.csv395,9
Ws_e_09.csv399,11
Mn_e_07.csv559,7
Cr_e_08.csv243,4
Ws_a_08.csv759,11
Sc_e_03.csv848,10
Cr_e_07.csv562,4
Bt_e_06.csv457,0
Cj_a_01.csv730,2
Bt_a_04.csv837,0
Pp_a_04.csv759,9
Pg_e_02.csv42,8
Cr_e_10.csv671,4
Cc_e_09.csv179,1
Cq_e_07.csv749,3
Pg_a_09.csv895,8
Cr_a_03.csv794,4
Cj_e_05.csv64,2
Sc_a_05.csv431,10
Pg_a_09.csv983,8
Cj_e_10.csv300,2
Cs_a_08.csv937,5
Cs_a_01.csv363,5
Ws_a_01.csv66,11
Pp_a_07.csv115,9
Sc_a_01.csv270,10
Sc_e_03.csv693,10
Mm_e_03.csv122,6
Cq_e_01.csv779,3
Cr_a_09.csv311,4
Cs_a_10.csv62,5
Cj_a_04.csv148,2
Cc_e_09.csv432,1
Pp_a_09.csv230,9
Cj_a_02.csv549,2
Cq_a_02.csv987,3
Pp_a_03.csv10,9
Pg_a_09.csv695,8
Sc_e_07.csv718,10
Mm_a_09.csv75,6
Pg_a_02.csv129,8
Ws_a_10.csv207,11
Cj_e_10.csv645,2
Pp_e_08.csv912,9
Cs_a_09.csv271,5
Cr_a_04.csv155,4
Mn_e_10.csv9,7
Bt_e_01.csv122,0
Sc_a_03.csv274,10
Pp_e_04.csv562,9
Cq_a_01.csv413,3
Ws_e_09.csv172,11
Pg_e_04.csv869,8
Pp_a_06.csv258,9
Pp_a_09.csv223,9
Bt_e_01.csv291,0
Bt_e_08.csv349,0
Mn_a_01.csv960,7
Mn_e_07.csv146,7
Cr_a_07.csv106,4
Cs_a_01.csv336,5
Pp_a_08.csv290,9
Cs_e_08.csv93,5
Bt_a_01.csv603,0
Cj_e_02.csv466,2
Cj_e_06.csv653,2
Cq_a_10.csv540,3
Ws_e_02.csv209,11
Cr_a_05.csv603,4
Cr_a_01.csv413,4
Bt_e_07.csv195,0
Pp_e_01.csv169,9
Cj_a_07.csv668,2
Cc_e_03.csv282,1
Cs_e_07.csv751,5
Pp_a_10.csv933,9
Cs_e_09.csv751,5
Mn_e_01.csv449,7
Sc_e_06.csv417,10
Cq_e_05.csv718,3
Mn_e_08.csv57,7
Cc_e_06.csv115,1
Sc_e_05.csv645,10
Mm_a_08.csv201,6
Mn_a_07.csv312,7
Cs_a_08.csv540,5
Cr_a_06.csv505,4
Ws_a_01.csv156,11
Mm_a_07.csv459,6
Cr_e_05.csv3,4
Bt_a_06.csv889,0
Mm_e_09.csv376,6
Cr_a_06.csv498,4
Mm_e_08.csv309,6
Cc_a_05.csv387,1
Cj_e_05.csv741,2
Cc_a_09.csv682,1
Bt_a_09.csv947,0
Cj_e_03.csv329,2
Pg_e_04.csv966,8
Ws_e_09.csv370,11
Pp_a_01.csv434,9
Ws_a_05.csv319,11
Sc_e_08.csv188,10
Bt_e_02.csv304,0
Cc_e_05.csv489,1
Cj_e_07.csv101,2
Ws_a_03.csv201,11
Mn_a_05.csv70,7
Sc_e_01.csv125,10
Pg_e_05.csv210,8
Cj_a_03.csv414,2
Cs_e_07.csv161,5
Sc_a_08.csv258,10
Pp_e_02.csv336,9
Sc_a_06.csv590,10
Cq_a_09.csv465,3
Mn_a_04.csv70,7
Sc_e_08.csv884,10
Ws_e_02.csv514,11
Sc_a_04.csv47,10
Bt_a_04.csv868,0
Sc_a_01.csv594,10
Pg_a_08.csv553,8
Pg_a_10.csv532,8
Cs_a_01.csv994,5
Pg_e_08.csv490,8
Sc_e_02.csv286,10
Sc_e_04.csv51,10
Mn_a_06.csv647,7
Cq_e_02.csv232,3
Cr_a_08.csv671,4
Pg_e_08.csv290,8
Cr_e_02.csv220,4
Sc_e_05.csv145,10
Sc_a_08.csv543,10
Pg_a_02.csv805,8
Cc_e_01.csv740,1
Pg_e_09.csv103,8
Cc_e_10.csv687,1
Bt_a_07.csv902,0
Mn_e_10.csv394,7
Ws_e_03.csv715,11
Mn_e_03.csv690,7
Mm_a_03.csv171,6
Cq_e_09.csv94,3
Mm_a_01.csv125,6
Cq_a_04.csv185,3
Cq_a_03.csv885,3
Pg_a_08.csv14,8
Cq_e_07.csv810,3
Cc_e_01.csv579,1
Bt_e_09.csv68,0
Cc_e_08.csv289,1
Pg_a_09.csv206,8
Cs_e_08.csv966,5
Mm_a_07.csv742,6
Bt_e_09.csv206,0
Mm_e_01.csv354,6
Mm_e_03.csv350,6
Cq_e_10.csv791,3
Cs_a_09.csv683,5
Cq_e_03.csv159,3
Pp_e_01.csv937,9
Pp_e_06.csv961,9
Mm_e_05.csv968,6
Pg_e_07.csv109,8
Mm_e_09.csv612,6
Cj_a_09.csv660,2
Cr_e_01.csv555,4
Pg_a_08.csv886,8
Mn_e_01.csv864,7
Pp_e_02.csv563,9
Cs_e_02.csv237,5
Cj_e_01.csv228,2
Pg_e_09.csv877,8
Cr_a_02.csv626,4
Sc_e_06.csv150,10
Pp_a_03.csv701,9
Ws_e_08.csv700,11
Pg_e_03.csv451,8
Cq_e_05.csv140,3
Cs_e_09.csv301,5
Cq_a_06.csv264,3
Cq_a_02.csv600,3
Pp_a_01.csv9,9
Sc_e_10.csv916,10
Ws_e_04.csv166,11
Cq_e_01.csv180,3
Ws_e_07.csv756,11
Bt_e_08.csv669,0
Sc_e_07.csv75,10
Cr_e_06.csv906,4
Cr_a_10.csv407,4
Pp_e_07.csv937,9
Sc_e_03.csv971,10
Sc_a_04.csv863,10
Cq_e_04.csv43,3
Mm_e_10.csv518,6
Pp_a_09.csv99,9
Pg_e_02.csv104,8
Bt_a_02.csv555,0
Cq_a_05.csv682,3
Cr_e_01.csv950,4
Ws_e_06.csv439,11
Cq_a_09.csv406,3
Cs_e_02.csv68,5
Cr_a_10.csv569,4
Ws_e_03.csv249,11
Cj_a_01.csv106,2
Bt_e_09.csv877,0
Pg_a_02.csv658,8
Pg_a_10.csv962,8
Cc_a_01.csv174,1
Cr_a_02.csv256,4
Cr_e_07.csv593,4
Cj_a_03.csv400,2
Pg_a_08.csv931,8
Cj_a_09.csv678,2
Cs_a_05.csv1,5
Cc_a_01.csv165,1
Cs_e_03.csv767,5
Bt_a_03.csv618,0
Bt_e_04.csv37,0
Pg_a_06.csv790,8
Mm_a_07.csv331,6
Cc_e_05.csv754,1
Bt_e_03.csv451,0
Cs_e_08.csv0,5
Cq_e_04.csv643,3
Sc_e_08.csv276,10
Bt_e_06.csv444,0
Cj_a_09.csv567,2
Cc_e_01.csv37,1
Mm_a_05.csv950,6
Cs_a_04.csv616,5
Ws_e_07.csv125,11
Sc_a_09.csv124,10
Cq_a_02.csv267,3
Pg_a_03.csv911,8
Cq_e_07.csv444,3
Pg_e_02.csv232,8
Cc_e_08.csv661,1
Pp_a_07.csv462,9
Cr_e_09.csv574,4
Cc_a_04.csv787,1
Bt_e_07.csv191,0
Pg_e_07.csv248,8
Pp_e_10.csv122,9
Cq_e_01.csv760,3
Ws_a_10.csv0,11
Cs_a_10.csv188,5
Cr_a_02.csv792,4
Cs_e_07.csv688,5
Ws_a_07.csv702,11
Mm_e_04.csv151,6
Mn_e_05.csv693,7
Ws_e_07.csv240,11
Cj_a_03.csv853,2
Pg_e_01.csv859,8
Cj_e_08.csv679,2
Cc_e_07.csv933,1
Pg_e_09.csv375,8
Pg_a_03.csv267,8
Pg_e_04.csv538,8
Pp_e_02.csv847,9
Cj_e_10.csv162,2
Mm_a_05.csv832,6
Mn_a_04.csv246,7
Cr_a_08.csv607,4
Cj_a_07.csv232,2
Mn_a_03.csv360,7
Bt_e_02.csv241,0
Mn_e_05.csv308,7
Pp_a_08.csv788,9
Mn_a_03.csv476,7
Cc_e_01.csv999,1
Pg_a_08.csv286,8
Ws_a_02.csv921,11
Cs_a_06.csv273,5
Cc_e_09.csv535,1
Bt_a_08.csv42,0
Mm_a_05.csv294,6
Pp_e_02.csv122,9
Ws_a_08.csv695,11
Cr_a_10.csv295,4
Mn_a_09.csv393,7
Cj_a_01.csv820,2
Cj_a_03.csv454,2
Cr_a_02.csv730,4
Pg_a_09.csv191,8
Pg_e_09.csv667,8
Pp_a_06.csv347,9
Mm_a_03.csv217,6
Sc_e_03.csv600,10
Ws_e_02.csv620,11
Mm_e_06.csv229,6
Bt_e_05.csv900,0
Cq_e_09.csv644,3
Pp_e_03.csv738,9
Cj_e_01.csv562,2
Mm_e_01.csv808,6
Cr_e_05.csv120,4
Cq_a_05.csv674,3
Sc_a_03.csv732,10
Sc_e_01.csv290,10
Ws_e_05.csv680,11
Cc_e_03.csv598,1
Cc_e_07.csv289,1
Mm_a_01.csv979,6
Sc_a_03.csv640,10
Sc_e_02.csv756,10
Cr_e_08.csv4,4
Cr_a_09.csv693,4
Sc_e_07.csv846,10
Mn_a_03.csv484,7
Pg_a_07.csv928,8
Mm_a_06.csv354,6
Sc_a_08.csv703,10
Pp_a_03.csv548,9
Bt_a_04.csv122,0
Mm_a_09.csv82,6
Cj_a_02.csv407,2
Cc_e_01.csv118,1
Cq_e_09.csv74,3
Mn_e_03.csv428,7
Pp_a_04.csv474,9
Bt_e_02.csv546,0
Mn_e_06.csv235,7
Cr_e_09.csv163,4
Bt_a_10.csv911,0
Mm_a_03.csv946,6
Pp_e_08.csv374,9
Pg_e_01.csv597,8
Mm_a_07.csv471,6
Pp_e_02.csv115,9
Mm_a_06.csv473,6
Ws_a_07.csv645,11
Mn_e_01.csv558,7
Sc_a_03.csv466,10
Pg_a_10.csv455,8
Mn_a_03.csv517,7
Sc_e_07.csv813,10
Pg_a_01.csv699,8
Pp_a_03.csv351,9
Pg_a_04.csv649,8
Pp_e_06.csv96,9
Sc_a_08.csv527,10
Pp_a_10.csv137,9
Cr_e_03.csv940,4
Bt_e_08.csv732,0
Sc_e_06.csv688,10
Mm_e_04.csv662,6
Cr_a_04.csv848,4
Cj_a_03.csv633,2
Cq_a_09.csv904,3
Bt_a_08.csv247,0
Cj_a_06.csv737,2
Ws_a_02.csv17,11
Cq_e_08.csv344,3
Mn_a_10.csv596,7
Mm_a_01.csv61,6
Pg_e_04.csv614,8
Mn_e_03.csv771,7
Sc_a_06.csv154,10
Pg_e_04.csv49,8
Cq_a_04.csv533,3
Mm_e_01.csv697,6
Bt_a_03.csv571,0
Ws_a_04.csv675,11
Mn_a_09.csv261,7
Sc_e_03.csv835,10
Cc_e_08.csv194,1
Bt_a_02.csv821,0
Bt_a_04.csv381,0
Cj_a_04.csv445,2
Cr_a_07.csv678,4
Bt_e_04.csv202,0
Cq_a_03.csv990,3
Pp_e_02.csv31,9
Cq_e_01.csv910,3
Bt_e_10.csv407,0
Pp_e_03.csv449,9
Mn_e_02.csv464,7
Cq_e_06.csv908,3
Pg_a_05.csv23,8
Mm_a_05.csv399,6
Sc_e_04.csv540,10
Ws_e_07.csv948,11
Mn_e_07.csv280,7
Bt_e_07.csv190,0
Sc_e_06.csv445,10
Ws_e_03.csv990,11
Mm_a_06.csv153,6
Cs_e_08.csv46,5
Cq_e_04.csv665,3
Mm_a_10.csv966,6
Cs_a_05.csv119,5
Ws_a_09.csv88,11
Cs_e_08.csv356,5
Cc_e_05.csv692,1
Pp_a_01.csv721,9
Cq_e_06.csv346,3
Cq_e_01.csv574,3
Ws_e_03.csv478,11
Cq_e_04.csv128,3
Mm_e_07.csv255,6
Mm_e_04.csv832,6
Cc_e_07.csv9,1
Cj_e_10.csv757,2
Cj_e_07.csv48,2
Mm_a_05.csv524,6
Pg_a_04.csv125,8
Cc_a_09.csv500,1
Cc_e_02.csv626,1
Bt_a_03.csv535,0
Bt_e_03.csv859,0
Mn_a_09.csv103,7
Pp_e_10.csv549,9
Cs_e_04.csv314,5
Sc_a_03.csv266,10
Mm_e_10.csv412,6
Mn_a_02.csv455,7
Pp_e_04.csv237,9
Bt_e_08.csv361,0
Sc_a_06.csv79,10
Pg_a_10.csv887,8
Cj_a_02.csv991,2
Cj_e_07.csv779,2
Ws_e_03.csv520,11
Ws_e_02.csv83,11
Ws_e_01.csv197,11
Cq_e_03.csv258,3
Cq_a_10.csv536,3
Cj_e_01.csv74,2
Cs_a_06.csv757,5
Cj_e_06.csv196,2
Cj_e_08.csv540,2
Mm_a_02.csv423,6
Cs_a_05.csv784,5
Mm_e_03.csv706,6
Sc_e_03.csv454,10
Cr_e_01.csv618,4
Ws_a_01.csv176,11
Pg_e_07.csv192,8
Pg_a_01.csv666,8
Cq_e_02.csv492,3
Mm_a_01.csv381,6
Ws_e_10.csv943,11
Bt_a_01.csv989,0
Bt_e_09.csv193,0
Pp_e_04.csv791,9
Cj_a_06.csv187,2
Sc_a_04.csv534,10
Cj_e_05.csv370,2
Cj_e_09.csv858,2
Cs_a_07.csv868,5
Mn_a_08.csv223,7
Mn_e_03.csv180,7
Mm_a_07.csv385,6
Pp_a_08.csv911,9
Bt_e_10.csv296,0
Ws_e_06.csv527,11
Sc_a_02.csv119,10
Cq_e_06.csv323,3
Cq_e_08.csv256,3
Bt_a_03.csv66,0
Pp_e_06.csv684,9
Cq_a_10.csv385,3
Ws_a_08.csv576,11
Mn_a_10.csv381,7
Cc_e_06.csv380,1
Bt_e_09.csv182,0
Cj_a_02.csv847,2
Cj_a_04.csv195,2
Cs_e_03.csv934,5
Sc_e_01.csv541,10
Mn_e_06.csv995,7
Cq_e_01.csv878,3
Cs_e_06.csv423,5
Cq_a_06.csv122,3
Cs_e_05.csv972,5
Cr_a_02.csv721,4
Mn_a_02.csv104,7
Mm_a_08.csv683,6
Mn_e_03.csv789,7
Pp_a_08.csv95,9
Mn_a_07.csv969,7
Mn_e_02.csv901,7
Cq_a_08.csv296,3
Cq_e_04.csv791,3
Mm_a_06.csv485,6
Cr_a_07.csv843,4
Mn_e_10.csv500,7
Cr_e_09.csv340,4
Cq_a_07.csv766,3
Cr_e_08.csv565,4
Mm_a_01.csv973,6
Cr_e_07.csv498,4
Mm_e_04.csv899,6
Mn_e_03.csv175,7
Cr_a_05.csv804,4
Bt_e_03.csv373,0
Cc_e_06.csv187,1
Pp_a_03.csv289,9
Cc_e_03.csv216,1
Ws_a_06.csv353,11
Mm_e_05.csv232,6
Cc_e_07.csv328,1
Cc_e_08.csv303,1
Bt_a_10.csv639,0
Pp_a_04.csv424,9
Ws_a_07.csv18,11
Cq_a_03.csv46,3
Cq_e_09.csv869,3
Pp_e_09.csv653,9
Cc_e_04.csv722,1
Mm_e_10.csv455,6
Cc_e_09.csv586,1
Cq_e_08.csv68,3
Pg_a_09.csv829,8
Cs_a_01.csv263,5
Pg_a_06.csv618,8
Ws_a_05.csv522,11
Cj_a_06.csv982,2
Cs_a_09.csv358,5
Ws_a_01.csv683,11
Pg_a_07.csv495,8
Bt_e_04.csv341,0
Cc_e_08.csv217,1
Ws_a_05.csv168,11
Cs_a_10.csv577,5
Cr_a_04.csv882,4
Cr_a_06.csv337,4
Cc_e_10.csv851,1
Mm_e_07.csv314,6
Cj_a_08.csv447,2
Cr_e_05.csv855,4
Cc_e_03.csv611,1
Sc_a_05.csv955,10
Mn_a_10.csv338,7
Mm_e_09.csv880,6
Sc_a_10.csv127,10
Cq_a_05.csv365,3
Bt_e_01.csv706,0
Pp_e_04.csv759,9
Cj_a_01.csv692,2
Cj_a_04.csv272,2
Pp_a_06.csv886,9
Bt_e_05.csv605,0
Ws_a_02.csv317,11
Cr_e_06.csv256,4
Cs_e_04.csv352,5
Ws_a_09.csv272,11
Pg_a_02.csv188,8
Pp_e_02.csv299,9
Sc_a_10.csv891,10
Mm_e_01.csv581,6
Cj_a_06.csv404,2
Bt_e_07.csv517,0
Cj_a_07.csv641,2
Ws_a_10.csv270,11
Mn_a_06.csv119,7
Cj_e_09.csv458,2
Cs_a_06.csv569,5
Mn_a_02.csv838,7
Cc_e_10.csv48,1
Bt_e_10.csv602,0
Pg_e_08.csv470,8
Cr_e_06.csv759,4
Pg_e_02.csv465,8
Bt_a_10.csv154,0
Cs_a_04.csv504,5
Sc_e_02.csv603,10
Cq_e_05.csv381,3
Ws_a_09.csv119,11
Cq_a_06.csv220,3
Cr_e_09.csv738,4
Cj_e_07.csv488,2
Ws_a_01.csv429,11
Cr_e_07.csv312,4
Cq_a_02.csv603,3
Cc_a_01.csv548,1
Pg_e_07.csv866,8
Cj_a_02.csv236,2
Mn_a_08.csv531,7
Pg_e_01.csv946,8
Mm_a_09.csv48,6
Sc_e_04.csv416,10
Ws_a_09.csv651,11
Cq_e_05.csv373,3
Cr_e_10.csv120,4
Cj_e_10.csv712,2
Mm_e_05.csv824,6
Pg_a_03.csv387,8
Mn_e_01.csv43,7
Ws_a_08.csv522,11
Mn_e_02.csv132,7
Cr_e_02.csv989,4
Cr_e_01.csv92,4
Bt_e_10.csv796,0
Ws_a_02.csv388,11
Cs_a_10.csv246,5
Pg_a_01.csv231,8
Cc_e_03.csv355,1
Sc_e_05.csv697,10
Pg_a_07.csv705,8
Mn_e_02.csv220,7
Cr_a_07.csv533,4
Mm_a_05.csv975,6
Mn_e_07.csv437,7
Ws_a_01.csv636,11
Cc_a_02.csv244,1
Sc_a_02.csv12,10
Cr_a_10.csv179,4
Cs_a_07.csv352,5
Cs_a_05.csv935,5
Ws_a_04.csv961,11
Ws_e_02.csv260,11
Mm_a_08.csv762,6
Pg_a_02.csv491,8
Pp_a_09.csv102,9
Cq_e_07.csv954,3
Pp_e_01.csv74,9
Mn_a_08.csv647,7
Cq_e_01.csv829,3
Bt_e_07.csv574,0
Cj_a_08.csv727,2
Ws_e_09.csv918,11
Ws_a_08.csv634,11
Cj_a_10.csv792,2
Sc_e_07.csv741,10
Cr_e_08.csv774,4
Pg_a_06.csv595,8
Cc_e_05.csv929,1
Cs_e_07.csv280,5
Bt_a_07.csv647,0
Cq_e_03.csv718,3
Mm_e_08.csv525,6
Mn_a_01.csv140,7
Cq_a_07.csv531,3
Ws_e_09.csv133,11
Cq_e_06.csv199,3
Sc_a_05.csv963,10
Bt_e_02.csv841,0
Cr_e_04.csv969,4
Ws_e_01.csv818,11
Pg_a_08.csv653,8
Pg_a_04.csv201,8
Mn_a_06.csv808,7
Mn_e_10.csv855,7
Cr_e_04.csv232,4
Cs_e_01.csv925,5
Cc_e_02.csv609,1
Bt_e_07.csv655,0
Bt_e_01.csv49,0
Ws_e_06.csv974,11
Sc_a_08.csv530,10
Cc_a_06.csv610,1
Cs_e_06.csv507,5
Cc_a_04.csv221,1
Bt_a_01.csv485,0
Cq_e_06.csv255,3
Bt_e_08.csv128,0
Cs_a_10.csv78,5
Ws_e_10.csv658,11
Cs_e_01.csv454,5
Cj_e_08.csv853,2
Cj_a_06.csv954,2
Cs_e_01.csv591,5
Ws_a_06.csv525,11
Bt_a_08.csv695,0
Mn_a_03.csv800,7
Cc_e_03.csv308,1
Mm_a_02.csv446,6
Cc_e_08.csv104,1
Ws_e_03.csv723,11
Mn_e_01.csv587,7
Mm_e_05.csv554,6
Cq_e_09.csv543,3
Sc_a_08.csv914,10
Mn_e_05.csv247,7
Cs_a_06.csv62,5
Cj_e_10.csv176,2
Bt_e_02.csv244,0
Sc_e_03.csv494,10
Mm_a_05.csv323,6
Pp_a_06.csv882,9
Cr_a_03.csv226,4
Cj_a_01.csv30,2
Mn_a_01.csv251,7
Cj_a_02.csv596,2
Cj_a_10.csv969,2
Cj_e_09.csv931,2
Pg_e_01.csv346,8
Pp_a_04.csv684,9
Pp_a_07.csv755,9
Mn_e_06.csv46,7
Pg_e_09.csv704,8
Ws_a_03.csv363,11
Pp_e_06.csv549,9
Cq_a_03.csv31,3
Cr_a_04.csv995,4
Cs_a_10.csv205,5
Cr_e_06.csv368,4
Cq_a_04.csv453,3
Mn_e_03.csv37,7
Mm_a_07.csv565,6
Sc_e_04.csv979,10
Cr_e_07.csv262,4
Bt_a_08.csv117,0
Pp_e_04.csv997,9
Cj_a_02.csv995,2
Ws_a_06.csv50,11
Pp_a_06.csv837,9
Bt_a_01.csv523,0
Cs_e_02.csv497,5
Pp_a_10.csv926,9
Mm_a_05.csv902,6
Pp_e_08.csv515,9
Mm_a_04.csv280,6
Ws_a_01.csv259,11
Sc_e_07.csv530,10
Cr_a_08.csv124,4
Sc_a_10.csv538,10
Cj_a_02.csv38,2
Bt_a_05.csv978,0
Pg_a_10.csv713,8
Sc_e_05.csv281,10
Cc_a_07.csv638,1
Cq_a_09.csv443,3
Ws_e_09.csv128,11
Ws_a_09.csv631,11
Cj_e_02.csv578,2
Pp_e_06.csv793,9
Cr_e_10.csv467,4
Ws_a_05.csv32,11
Ws_e_03.csv322,11
Pp_e_01.csv981,9
Cq_e_03.csv742,3
Cr_a_07.csv404,4
Mm_a_02.csv228,6
Pg_e_05.csv140,8
Sc_e_05.csv69,10
Cs_a_10.csv303,5
Cr_a_09.csv646,4
Sc_a_04.csv640,10
Cr_e_09.csv84,4
Pg_a_09.csv268,8
Pg_e_01.csv293,8
Cr_e_01.csv683,4
Cq_e_02.csv34,3
Ws_a_06.csv157,11
Mn_e_09.csv464,7
Ws_e_05.csv2,11
Ws_e_09.csv62,11
Cq_e_01.csv149,3
Sc_a_09.csv842,10
Cr_a_03.csv88,4
Ws_e_05.csv341,11
Cj_e_07.csv700,2
Cr_e_07.csv699,4
Ws_e_01.csv37,11
Bt_e_03.csv59,0
Mm_e_04.csv196,6
Bt_e_03.csv107,0
Cq_e_10.csv777,3
Sc_a_06.csv981,10
Cr_e_04.csv963,4
Cq_a_07.csv337,3
Sc_e_02.csv460,10
Ws_a_02.csv537,11
Ws_a_08.csv386,11
Mn_a_10.csv293,7
Mm_a_06.csv154,6
Bt_e_03.csv575,0
Cr_e_01.csv509,4
Cj_a_09.csv599,2
Cj_e_01.csv66,2
Sc_e_02.csv404,10
Cc_a_08.csv476,1
Cs_a_10.csv206,5
Pp_e_08.csv185,9
Cq_a_08.csv48,3
Cr_a_07.csv675,4
Mm_a_09.csv648,6
Cr_a_08.csv142,4
Cs_a_10.csv841,5
Mm_a_04.csv270,6
Sc_a_08.csv974,10
Cq_a_01.csv202,3
Mn_e_10.csv891,7
Mm_e_06.csv469,6
Cj_a_07.csv268,2
Pp_a_06.csv201,9
Bt_e_03.csv746,0
Mm_e_09.csv72,6
Cc_a_07.csv790,1
Cr_e_09.csv546,4
Pp_a_03.csv603,9
Cc_e_06.csv915,1
Cq_e_09.csv966,3
Mm_e_03.csv285,6
Sc_a_09.csv111,10
Cj_e_10.csv338,2
Mm_e_06.csv117,6
Cs_e_04.csv984,5
Sc_a_08.csv984,10
Sc_e_01.csv901,10
Cc_e_09.csv208,1
Cr_a_03.csv678,4
Sc_a_01.csv294,10
Sc_a_08.csv617,10
Cc_e_03.csv750,1
Bt_e_07.csv273,0
Cc_a_06.csv689,1
Cr_e_07.csv762,4
Ws_e_10.csv274,11
Cr_e_02.csv200,4
Bt_a_05.csv784,0
Bt_a_02.csv933,0
Cq_a_09.csv84,3
Bt_a_06.csv534,0
Mn_a_05.csv482,7
Pg_a_03.csv972,8
Pg_a_02.csv409,8
Bt_a_03.csv870,0
Cj_e_10.csv872,2
Cr_a_03.csv711,4
Pp_a_04.csv238,9
Ws_e_10.csv984,11
Ws_e_08.csv976,11
Cr_a_06.csv654,4
Cs_e_03.csv353,5
Cr_e_09.csv464,4
Cq_a_08.csv299,3
Pp_a_07.csv494,9
Bt_a_07.csv40,0
Cc_a_08.csv83,1
Cs_a_05.csv971,5
Cj_e_03.csv65,2
Cq_e_10.csv749,3
Ws_a_04.csv421,11
Mm_a_09.csv995,6
Pp_a_10.csv471,9
Mn_e_08.csv688,7
Mn_e_03.csv108,7
Sc_e_03.csv421,10
Cr_e_02.csv798,4
Cc_e_10.csv373,1
Bt_e_02.csv549,0
Cc_e_02.csv273,1
Sc_a_10.csv208,10
Cj_a_03.csv935,2
Cc_a_05.csv95,1
Mm_e_03.csv476,6
Cj_a_07.csv708,2
Pg_a_05.csv106,8
Cq_a_01.csv634,3
Cr_e_03.csv570,4
Ws_e_03.csv834,11
Sc_a_05.csv547,10
Cc_a_01.csv18,1
Mn_a_07.csv152,7
Pp_a_01.csv454,9
Cj_a_03.csv57,2
Cj_a_01.csv483,2
Cr_e_02.csv374,4
Ws_a_04.csv432,11
Sc_e_02.csv477,10
Mm_a_10.csv414,6
Sc_a_08.csv637,10
Cq_e_04.csv570,3
Cc_e_03.csv74,1
Bt_e_02.csv775,0
Sc_a_04.csv882,10
Pp_a_10.csv428,9
Sc_a_09.csv641,10
Sc_e_10.csv899,10
Cc_a_06.csv971,1
Mm_a_04.csv126,6
Pg_e_04.csv278,8
Cc_e_09.csv279,1
Mn_e_09.csv707,7
Cs_a_08.csv485,5
Bt_a_03.csv78,0
Mn_a_06.csv901,7
Pg_e_01.csv468,8
Mn_a_08.csv884,7
Cr_e_10.csv248,4
Cj_a_04.csv75,2
Cc_e_09.csv417,1
Cq_a_09.csv930,3
Bt_a_05.csv799,0
Pg_a_06.csv441,8
Pg_a_04.csv817,8
Cs_a_10.csv111,5
Cq_a_06.csv461,3
Cc_a_08.csv263,1
Pg_a_01.csv498,8
Cq_a_10.csv849,3
Mm_e_01.csv292,6
Mm_a_04.csv518,6
Cj_a_08.csv718,2
Cc_a_07.csv278,1
Bt_e_04.csv579,0
Cq_e_03.csv29,3
Cc_a_01.csv929,1
Mn_a_05.csv395,7
Mn_e_08.csv946,7
Sc_a_02.csv65,10
Cr_a_03.csv446,4
Cc_e_06.csv336,1
Bt_e_08.csv731,0
Cr_a_03.csv232,4
Cr_e_10.csv99,4
Mm_e_01.csv372,6
Cj_e_10.csv228,2
Cq_a_07.csv183,3
Mn_a_02.csv572,7
Cj_e_03.csv716,2
Cr_e_10.csv855,4
Sc_e_07.csv952,10
Mn_a_05.csv288,7
Mm_a_08.csv430,6
Cj_e_07.csv244,2
Cs_e_07.csv827,5
Pp_a_01.csv625,9
Cc_e_01.csv824,1
Cj_e_06.csv474,2
Bt_e_05.csv497,0
Mn_a_09.csv367,7
Pg_e_04.csv127,8
Pg_a_02.csv889,8
Cj_a_03.csv953,2
Sc_a_07.csv769,10
Cr_e_01.csv242,4
Ws_e_04.csv28,11
Cs_e_03.csv120,5
Cq_a_02.csv194,3
Cc_a_04.csv726,1
Pg_e_01.csv108,8
Cj_a_02.csv232,2
Cr_e_02.csv246,4
Bt_e_10.csv178,0
Sc_a_06.csv94,10
Mm_a_08.csv607,6
Sc_a_09.csv179,10
Bt_e_02.csv761,0
Bt_a_05.csv919,0
Ws_e_08.csv149,11
Cj_e_01.csv586,2
Cj_e_10.csv549,2
Cj_a_09.csv51,2
Pg_e_08.csv797,8
Cj_a_07.csv126,2
Cs_e_03.csv545,5
Mn_a_01.csv433,7
Mm_e_07.csv954,6
Pg_a_02.csv938,8
Cj_e_01.csv146,2
Cc_e_01.csv377,1
Pp_e_02.csv683,9
Cq_a_01.csv751,3
Cs_e_03.csv565,5
Cj_e_07.csv536,2
Mm_e_03.csv924,6
Mm_a_01.csv546,6
Cq_e_07.csv429,3
Cq_a_08.csv817,3
Cs_e_07.csv344,5
Bt_e_06.csv748,0
Mn_a_06.csv535,7
Cs_a_09.csv218,5
Bt_a_04.csv882,0
Pp_e_09.csv775,9
Cc_e_10.csv915,1
Pg_e_02.csv898,8
Cj_a_01.csv922,2
Cj_a_03.csv135,2
Bt_e_10.csv533,0
Pg_a_10.csv170,8
Pg_a_04.csv788,8
Pg_e_01.csv323,8
Ws_e_01.csv508,11
Mm_e_10.csv259,6
Cr_a_04.csv516,4
Cr_a_01.csv522,4
Cr_a_04.csv602,4
Cr_a_06.csv201,4
Cq_e_03.csv942,3
Pp_e_04.csv80,9
Bt_a_06.csv113,0
Bt_a_01.csv541,0
Cq_e_07.csv92,3
Mn_a_09.csv414,7
Pp_a_09.csv843,9
Bt_a_01.csv656,0
Cq_e_04.csv0,3
Cr_e_05.csv694,4
Sc_e_08.csv993,10
Cs_e_03.csv342,5
Cc_a_05.csv629,1
Cs_e_02.csv781,5
Mm_e_03.csv80,6
Mm_a_07.csv453,6
Mm_a_01.csv20,6
Cs_e_07.csv471,5
Pp_e_08.csv214,9
Pg_e_08.csv469,8
Bt_a_02.csv49,0
Pp_e_08.csv484,9
Mm_e_03.csv867,6
Cr_e_04.csv343,4
Ws_e_02.csv155,11
Cj_a_01.csv973,2
Pg_e_04.csv671,8
Cj_e_08.csv299,2
Cs_e_04.csv351,5
Cr_a_03.csv462,4
Pp_e_02.csv43,9
Cs_a_03.csv41,5
Ws_a_04.csv446,11
Cr_a_04.csv669,4
Pp_e_08.csv196,9
Cr_a_06.csv74,4
Cq_a_03.csv986,3
Cr_e_05.csv101,4
Ws_a_06.csv521,11
Cj_e_06.csv884,2
Cq_e_08.csv399,3
Cr_e_08.csv401,4
Cq_e_09.csv100,3
Mn_a_03.csv540,7
Bt_e_08.csv723,0
Cc_e_10.csv73,1
Pg_a_01.csv22,8
Sc_e_07.csv583,10
Mm_a_01.csv642,6
Mm_a_06.csv859,6
Ws_e_01.csv52,11
Cc_a_07.csv289,1
Cj_e_03.csv484,2
Cc_e_09.csv733,1
Cs_a_04.csv24,5
Cs_e_06.csv512,5
Pp_e_09.csv673,9
Cq_a_07.csv848,3
Mn_a_03.csv902,7
Cc_e_08.csv38,1
Cc_a_09.csv413,1
Cr_a_09.csv112,4
Cr_e_04.csv885,4
Pp_e_09.csv100,9
Pg_a_01.csv393,8
Cs_e_08.csv177,5
Bt_a_07.csv499,0
Cc_e_03.csv433,1
Pg_a_05.csv310,8
Cs_e_02.csv918,5
Mm_a_08.csv345,6
Mm_a_09.csv472,6
Mn_a_03.csv599,7
Sc_e_01.csv439,10
Ws_a_10.csv892,11
Pp_a_07.csv538,9
Mn_e_03.csv165,7
Cr_a_03.csv441,4
Bt_e_06.csv318,0
Mm_a_10.csv701,6
Cr_a_08.csv60,4
Pg_e_08.csv506,8
